[2026-08-28 07:32:19] local.ERROR: Target class [files] does not exist. {"exception":"[object] (Illuminate\\Contracts\\Container\\BindingResolutionException(code: 0): Target class [files] does not exist. at C:/Users/Arn/Downloads/love-alarm/love-alarm/backend/vendor/laravel/framework/src/Illuminate/Container/Container.php:1124)
[stacktrace]
#0 C:/Users/Arn/Downloads/love-alarm/love-alarm/backend/vendor/laravel/framework/src/Illuminate/Container/Container.php(933): Illuminate/Container/Container->build('files')
#1 C:/Users/Arn/Downloads/love-alarm/love-alarm/backend/vendor/laravel/framework/src/Illuminate/Foundation/Application.php(1078): Illuminate/Container/Container->resolve('files', Array, true)
#2 C:/Users/Arn/Downloads/love-alarm/love-alarm/backend/vendor/laravel/framework/src/Illuminate/Container/Container.php(864): Illuminate/Foundation/Application->resolve('files', Array)
#3 C:/Users/Arn/Downloads/love-alarm/love-alarm/backend/vendor/laravel/framework/src/Illuminate/Foundation/Application.php(1058): Illuminate/Container/Container->make('files', Array)
#4 C:/Users/Arn/Downloads/love-alarm/love-alarm/backend/vendor/laravel/framework/src/Illuminate/Container/Container.php(1805): Illuminate/Foundation/Application->make('files')
#5 C:/Users/Arn/Downloads/love-alarm/love-alarm/backend/vendor/laravel/framework/src/Illuminate/Foundation/Application.php(1333): Illuminate/Container/Container->offsetGet('files')
#6 C:/Users/Arn/Downloads/love-alarm/love-alarm/backend/vendor/laravel/sanctum/src/SanctumServiceProvider.php(68): Illuminate/Foundation/Application->routesAreCached()
#7 C:/Users/Arn/Downloads/love-alarm/love-alarm/backend/vendor/laravel/sanctum/src/SanctumServiceProvider.php(56): Laravel/Sanctum/SanctumServiceProvider->defineRoutes()
#8 C:/Users/Arn/Downloads/love-alarm/love-alarm/backend/vendor/laravel/framework/src/Illuminate/Container/BoundMethod.php(36): Laravel/Sanctum/SanctumServiceProvider->boot()
#9 C:/Users/Arn/Downloads/love-alarm/love-alarm/backend/vendor/laravel/framework/src/Illuminate/Container/Util.php(43): Illuminate/Container/BoundMethod::Illuminate/Container/{closure}()
#10 C:/Users/Arn/Downloads/love-alarm/love-alarm/backend/vendor/laravel/framework/src/Illuminate/Container/BoundMethod.php(96): Illuminate/Container/Util::unwrapIfClosure(Object(Closure))
#11 C:/Users/Arn/Downloads/love-alarm/love-alarm/backend/vendor/laravel/framework/src/Illuminate/Container/BoundMethod.php(35): Illuminate/Container/BoundMethod::callBoundMethod(Object(Illuminate/Foundation/Application), Array, Object(Closure))
#12 C:/Users/Arn/Downloads/love-alarm/love-alarm/backend/vendor/laravel/framework/src/Illuminate/Container/Container.php(799): Illuminate/Container/BoundMethod::call(Object(Illuminate/Foundation/Application), Array, Array, NULL)
#13 C:/Users/Arn/Downloads/love-alarm/love-alarm/backend/vendor/laravel/framework/src/Illuminate/Foundation/Application.php(1151): Illuminate/Container/Container->call(Array)
#14 C:/Users/Arn/Downloads/love-alarm/love-alarm/backend/vendor/laravel/framework/src/Illuminate/Foundation/Application.php(1132): Illuminate/Foundation/Application->bootProvider(Object(Laravel/Sanctum/SanctumServiceProvider))
#15 [internal function]: Illuminate/Foundation/Application->Illuminate/Foundation/{closure}(Object(Laravel/Sanctum/SanctumServiceProvider), 'Laravel//Sanctum...')
#16 C:/Users/Arn/Downloads/love-alarm/love-alarm/backend/vendor/laravel/framework/src/Illuminate/Foundation/Application.php(1131): array_walk(Array, Object(Closure))
#17 C:/Users/Arn/Downloads/love-alarm/love-alarm/backend/vendor/laravel/framework/src/Illuminate/Foundation/Bootstrap/BootProviders.php(17): Illuminate/Foundation/Application->boot()
#18 C:/Users/Arn/Downloads/love-alarm/love-alarm/backend/vendor/laravel/framework/src/Illuminate/Foundation/Application.php(342): Illuminate/Foundation/Bootstrap/BootProviders->bootstrap(Object(Illuminate/Foundation/Application))
#19 C:/Users/Arn/Downloads/love-alarm/love-alarm/backend/vendor/laravel/framework/src/Illuminate/Foundation/Console/Kernel.php(494): Illuminate/Foundation/Application->bootstrapWith(Array)
#20 C:/Users/Arn/Downloads/love-alarm/love-alarm/backend/vendor/laravel/framework/src/Illuminate/Foundation/Console/Kernel.php(196): Illuminate/Foundation/Console/Kernel->bootstrap()
#21 C:/Users/Arn/Downloads/love-alarm/love-alarm/backend/vendor/laravel/framework/src/Illuminate/Foundation/Application.php(1235): Illuminate/Foundation/Console/Kernel->handle(Object(Symfony/Component/Console/Input/ArgvInput), Object(Symfony/Component/Console/Output/ConsoleOutput))
#22 C:/Users/Arn/Downloads/love-alarm/love-alarm/backend/artisan(16): Illuminate/Foundation/Application->handleCommand(Object(Symfony/Component/Console/Input/ArgvInput))
#23 {main}

[previous exception] [object] (ReflectionException(code: -1): Class \"files\" does not exist at C:/Users/Arn/Downloads/love-alarm/love-alarm/backend/vendor/laravel/framework/src/Illuminate/Container/Container.php:1122)
[stacktrace]
#0 C:/Users/Arn/Downloads/love-alarm/love-alarm/backend/vendor/laravel/framework/src/Illuminate/Container/Container.php(1122): ReflectionClass->__construct('files')
#1 C:/Users/Arn/Downloads/love-alarm/love-alarm/backend/vendor/laravel/framework/src/Illuminate/Container/Container.php(933): Illuminate/Container/Container->build('files')
#2 C:/Users/Arn/Downloads/love-alarm/love-alarm/backend/vendor/laravel/framework/src/Illuminate/Foundation/Application.php(1078): Illuminate/Container/Container->resolve('files', Array, true)
#3 C:/Users/Arn/Downloads/love-alarm/love-alarm/backend/vendor/laravel/framework/src/Illuminate/Container/Container.php(864): Illuminate/Foundation/Application->resolve('files', Array)
#4 C:/Users/Arn/Downloads/love-alarm/love-alarm/backend/vendor/laravel/framework/src/Illuminate/Foundation/Application.php(1058): Illuminate/Container/Container->make('files', Array)
#5 C:/Users/Arn/Downloads/love-alarm/love-alarm/backend/vendor/laravel/framework/src/Illuminate/Container/Container.php(1805): Illuminate/Foundation/Application->make('files')
#6 C:/Users/Arn/Downloads/love-alarm/love-alarm/backend/vendor/laravel/framework/src/Illuminate/Foundation/Application.php(1333): Illuminate/Container/Container->offsetGet('files')
#7 C:/Users/Arn/Downloads/love-alarm/love-alarm/backend/vendor/laravel/sanctum/src/SanctumServiceProvider.php(68): Illuminate/Foundation/Application->routesAreCached()
#8 C:/Users/Arn/Downloads/love-alarm/love-alarm/backend/vendor/laravel/sanctum/src/SanctumServiceProvider.php(56): Laravel/Sanctum/SanctumServiceProvider->defineRoutes()
#9 C:/Users/Arn/Downloads/love-alarm/love-alarm/backend/vendor/laravel/framework/src/Illuminate/Container/BoundMethod.php(36): Laravel/Sanctum/SanctumServiceProvider->boot()
#10 C:/Users/Arn/Downloads/love-alarm/love-alarm/backend/vendor/laravel/framework/src/Illuminate/Container/Util.php(43): Illuminate/Container/BoundMethod::Illuminate/Container/{closure}()
#11 C:/Users/Arn/Downloads/love-alarm/love-alarm/backend/vendor/laravel/framework/src/Illuminate/Container/BoundMethod.php(96): Illuminate/Container/Util::unwrapIfClosure(Object(Closure))
#12 C:/Users/Arn/Downloads/love-alarm/love-alarm/backend/vendor/laravel/framework/src/Illuminate/Container/BoundMethod.php(35): Illuminate/Container/BoundMethod::callBoundMethod(Object(Illuminate/Foundation/Application), Array, Object(Closure))
#13 C:/Users/Arn/Downloads/love-alarm/love-alarm/backend/vendor/laravel/framework/src/Illuminate/Container/Container.php(799): Illuminate/Container/BoundMethod::call(Object(Illuminate/Foundation/Application), Array, Array, NULL)
#14 C:/Users/Arn/Downloads/love-alarm/love-alarm/backend/vendor/laravel/framework/src/Illuminate/Foundation/Application.php(1151): Illuminate/Container/Container->call(Array)
#15 C:/Users/Arn/Downloads/love-alarm/love-alarm/backend/vendor/laravel/framework/src/Illuminate/Foundation/Application.php(1132): Illuminate/Foundation/Application->bootProvider(Object(Laravel/Sanctum/SanctumServiceProvider))
#16 [internal function]: Illuminate/Foundation/Application->Illuminate/Foundation/{closure}(Object(Laravel/Sanctum/SanctumServiceProvider), 'Laravel//Sanctum...')
#17 C:/Users/Arn/Downloads/love-alarm/love-alarm/backend/vendor/laravel/framework/src/Illuminate/Foundation/Application.php(1131): array_walk(Array, Object(Closure))
#18 C:/Users/Arn/Downloads/love-alarm/love-alarm/backend/vendor/laravel/framework/src/Illuminate/Foundation/Bootstrap/BootProviders.php(17): Illuminate/Foundation/Application->boot()
#19 C:/Users/Arn/Downloads/love-alarm/love-alarm/backend/vendor/laravel/framework/src/Illuminate/Foundation/Application.php(342): Illuminate/Foundation/Bootstrap/BootProviders->bootstrap(Object(Illuminate/Foundation/Application))
#20 C:/Users/Arn/Downloads/love-alarm/love-alarm/backend/vendor/laravel/framework/src/Illuminate/Foundation/Console/Kernel.php(494): Illuminate/Foundation/Application->bootstrapWith(Array)
#21 C:/Users/Arn/Downloads/love-alarm/love-alarm/backend/vendor/laravel/framework/src/Illuminate/Foundation/Console/Kernel.php(196): Illuminate/Foundation/Console/Kernel->bootstrap()
#22 C:/Users/Arn/Downloads/love-alarm/love-alarm/backend/vendor/laravel/framework/src/Illuminate/Foundation/Application.php(1235): Illuminate/Foundation/Console/Kernel->handle(Object(Symfony/Component/Console/Input/ArgvInput), Object(Symfony/Component/Console/Output/ConsoleOutput))
#23 C:/Users/Arn/Downloads/love-alarm/love-alarm/backend/artisan(16): Illuminate/Foundation/Application->handleCommand(Object(Symfony/Component/Console/Input/ArgvInput))
#24 {main}
"} 
[2026-08-28 07:33:52] local.ERROR: Target class [files] does not exist. {"exception":"[object] (Illuminate\\Contracts\\Container\\BindingResolutionException(code: 0): Target class [files] does not exist. at C:/Users/Arn/Downloads/love-alarm/love-alarm/backend/vendor/laravel/framework/src/Illuminate/Container/Container.php:1124)
[stacktrace]
#0 C:/Users/Arn/Downloads/love-alarm/love-alarm/backend/vendor/laravel/framework/src/Illuminate/Container/Container.php(933): Illuminate/Container/Container->build('files')
#1 C:/Users/Arn/Downloads/love-alarm/love-alarm/backend/vendor/laravel/framework/src/Illuminate/Foundation/Application.php(1078): Illuminate/Container/Container->resolve('files', Array, true)
#2 C:/Users/Arn/Downloads/love-alarm/love-alarm/backend/vendor/laravel/framework/src/Illuminate/Container/Container.php(864): Illuminate/Foundation/Application->resolve('files', Array)
#3 C:/Users/Arn/Downloads/love-alarm/love-alarm/backend/vendor/laravel/framework/src/Illuminate/Foundation/Application.php(1058): Illuminate/Container/Container->make('files', Array)
#4 C:/Users/Arn/Downloads/love-alarm/love-alarm/backend/vendor/laravel/framework/src/Illuminate/Container/Container.php(1805): Illuminate/Foundation/Application->make('files')
#5 C:/Users/Arn/Downloads/love-alarm/love-alarm/backend/vendor/laravel/framework/src/Illuminate/Foundation/Application.php(1333): Illuminate/Container/Container->offsetGet('files')
#6 C:/Users/Arn/Downloads/love-alarm/love-alarm/backend/vendor/laravel/sanctum/src/SanctumServiceProvider.php(68): Illuminate/Foundation/Application->routesAreCached()
#7 C:/Users/Arn/Downloads/love-alarm/love-alarm/backend/vendor/laravel/sanctum/src/SanctumServiceProvider.php(56): Laravel/Sanctum/SanctumServiceProvider->defineRoutes()
#8 C:/Users/Arn/Downloads/love-alarm/love-alarm/backend/vendor/laravel/framework/src/Illuminate/Container/BoundMethod.php(36): Laravel/Sanctum/SanctumServiceProvider->boot()
#9 C:/Users/Arn/Downloads/love-alarm/love-alarm/backend/vendor/laravel/framework/src/Illuminate/Container/Util.php(43): Illuminate/Container/BoundMethod::Illuminate/Container/{closure}()
#10 C:/Users/Arn/Downloads/love-alarm/love-alarm/backend/vendor/laravel/framework/src/Illuminate/Container/BoundMethod.php(96): Illuminate/Container/Util::unwrapIfClosure(Object(Closure))
#11 C:/Users/Arn/Downloads/love-alarm/love-alarm/backend/vendor/laravel/framework/src/Illuminate/Container/BoundMethod.php(35): Illuminate/Container/BoundMethod::callBoundMethod(Object(Illuminate/Foundation/Application), Array, Object(Closure))
#12 C:/Users/Arn/Downloads/love-alarm/love-alarm/backend/vendor/laravel/framework/src/Illuminate/Container/Container.php(799): Illuminate/Container/BoundMethod::call(Object(Illuminate/Foundation/Application), Array, Array, NULL)
#13 C:/Users/Arn/Downloads/love-alarm/love-alarm/backend/vendor/laravel/framework/src/Illuminate/Foundation/Application.php(1151): Illuminate/Container/Container->call(Array)
#14 C:/Users/Arn/Downloads/love-alarm/love-alarm/backend/vendor/laravel/framework/src/Illuminate/Foundation/Application.php(1132): Illuminate/Foundation/Application->bootProvider(Object(Laravel/Sanctum/SanctumServiceProvider))
#15 [internal function]: Illuminate/Foundation/Application->Illuminate/Foundation/{closure}(Object(Laravel/Sanctum/SanctumServiceProvider), 'Laravel//Sanctum...')
#16 C:/Users/Arn/Downloads/love-alarm/love-alarm/backend/vendor/laravel/framework/src/Illuminate/Foundation/Application.php(1131): array_walk(Array, Object(Closure))
#17 C:/Users/Arn/Downloads/love-alarm/love-alarm/backend/vendor/laravel/framework/src/Illuminate/Foundation/Bootstrap/BootProviders.php(17): Illuminate/Foundation/Application->boot()
#18 C:/Users/Arn/Downloads/love-alarm/love-alarm/backend/vendor/laravel/framework/src/Illuminate/Foundation/Application.php(342): Illuminate/Foundation/Bootstrap/BootProviders->bootstrap(Object(Illuminate/Foundation/Application))
#19 C:/Users/Arn/Downloads/love-alarm/love-alarm/backend/vendor/laravel/framework/src/Illuminate/Foundation/Console/Kernel.php(494): Illuminate/Foundation/Application->bootstrapWith(Array)
#20 C:/Users/Arn/Downloads/love-alarm/love-alarm/backend/vendor/laravel/framework/src/Illuminate/Foundation/Console/Kernel.php(196): Illuminate/Foundation/Console/Kernel->bootstrap()
#21 C:/Users/Arn/Downloads/love-alarm/love-alarm/backend/vendor/laravel/framework/src/Illuminate/Foundation/Application.php(1235): Illuminate/Foundation/Console/Kernel->handle(Object(Symfony/Component/Console/Input/ArgvInput), Object(Symfony/Component/Console/Output/ConsoleOutput))
#22 C:/Users/Arn/Downloads/love-alarm/love-alarm/backend/artisan(16): Illuminate/Foundation/Application->handleCommand(Object(Symfony/Component/Console/Input/ArgvInput))
#23 {main}

[previous exception] [object] (ReflectionException(code: -1): Class \"files\" does not exist at C:/Users/Arn/Downloads/love-alarm/love-alarm/backend/vendor/laravel/framework/src/Illuminate/Container/Container.php:1122)
[stacktrace]
#0 C:/Users/Arn/Downloads/love-alarm/love-alarm/backend/vendor/laravel/framework/src/Illuminate/Container/Container.php(1122): ReflectionClass->__construct('files')
#1 C:/Users/Arn/Downloads/love-alarm/love-alarm/backend/vendor/laravel/framework/src/Illuminate/Container/Container.php(933): Illuminate/Container/Container->build('files')
#2 C:/Users/Arn/Downloads/love-alarm/love-alarm/backend/vendor/laravel/framework/src/Illuminate/Foundation/Application.php(1078): Illuminate/Container/Container->resolve('files', Array, true)
#3 C:/Users/Arn/Downloads/love-alarm/love-alarm/backend/vendor/laravel/framework/src/Illuminate/Container/Container.php(864): Illuminate/Foundation/Application->resolve('files', Array)
#4 C:/Users/Arn/Downloads/love-alarm/love-alarm/backend/vendor/laravel/framework/src/Illuminate/Foundation/Application.php(1058): Illuminate/Container/Container->make('files', Array)
#5 C:/Users/Arn/Downloads/love-alarm/love-alarm/backend/vendor/laravel/framework/src/Illuminate/Container/Container.php(1805): Illuminate/Foundation/Application->make('files')
#6 C:/Users/Arn/Downloads/love-alarm/love-alarm/backend/vendor/laravel/framework/src/Illuminate/Foundation/Application.php(1333): Illuminate/Container/Container->offsetGet('files')
#7 C:/Users/Arn/Downloads/love-alarm/love-alarm/backend/vendor/laravel/sanctum/src/SanctumServiceProvider.php(68): Illuminate/Foundation/Application->routesAreCached()
#8 C:/Users/Arn/Downloads/love-alarm/love-alarm/backend/vendor/laravel/sanctum/src/SanctumServiceProvider.php(56): Laravel/Sanctum/SanctumServiceProvider->defineRoutes()
#9 C:/Users/Arn/Downloads/love-alarm/love-alarm/backend/vendor/laravel/framework/src/Illuminate/Container/BoundMethod.php(36): Laravel/Sanctum/SanctumServiceProvider->boot()
#10 C:/Users/Arn/Downloads/love-alarm/love-alarm/backend/vendor/laravel/framework/src/Illuminate/Container/Util.php(43): Illuminate/Container/BoundMethod::Illuminate/Container/{closure}()
#11 C:/Users/Arn/Downloads/love-alarm/love-alarm/backend/vendor/laravel/framework/src/Illuminate/Container/BoundMethod.php(96): Illuminate/Container/Util::unwrapIfClosure(Object(Closure))
#12 C:/Users/Arn/Downloads/love-alarm/love-alarm/backend/vendor/laravel/framework/src/Illuminate/Container/BoundMethod.php(35): Illuminate/Container/BoundMethod::callBoundMethod(Object(Illuminate/Foundation/Application), Array, Object(Closure))
#13 C:/Users/Arn/Downloads/love-alarm/love-alarm/backend/vendor/laravel/framework/src/Illuminate/Container/Container.php(799): Illuminate/Container/BoundMethod::call(Object(Illuminate/Foundation/Application), Array, Array, NULL)
#14 C:/Users/Arn/Downloads/love-alarm/love-alarm/backend/vendor/laravel/framework/src/Illuminate/Foundation/Application.php(1151): Illuminate/Container/Container->call(Array)
#15 C:/Users/Arn/Downloads/love-alarm/love-alarm/backend/vendor/laravel/framework/src/Illuminate/Foundation/Application.php(1132): Illuminate/Foundation/Application->bootProvider(Object(Laravel/Sanctum/SanctumServiceProvider))
#16 [internal function]: Illuminate/Foundation/Application->Illuminate/Foundation/{closure}(Object(Laravel/Sanctum/SanctumServiceProvider), 'Laravel//Sanctum...')
#17 C:/Users/Arn/Downloads/love-alarm/love-alarm/backend/vendor/laravel/framework/src/Illuminate/Foundation/Application.php(1131): array_walk(Array, Object(Closure))
#18 C:/Users/Arn/Downloads/love-alarm/love-alarm/backend/vendor/laravel/framework/src/Illuminate/Foundation/Bootstrap/BootProviders.php(17): Illuminate/Foundation/Application->boot()
#19 C:/Users/Arn/Downloads/love-alarm/love-alarm/backend/vendor/laravel/framework/src/Illuminate/Foundation/Application.php(342): Illuminate/Foundation/Bootstrap/BootProviders->bootstrap(Object(Illuminate/Foundation/Application))
#20 C:/Users/Arn/Downloads/love-alarm/love-alarm/backend/vendor/laravel/framework/src/Illuminate/Foundation/Console/Kernel.php(494): Illuminate/Foundation/Application->bootstrapWith(Array)
#21 C:/Users/Arn/Downloads/love-alarm/love-alarm/backend/vendor/laravel/framework/src/Illuminate/Foundation/Console/Kernel.php(196): Illuminate/Foundation/Console/Kernel->bootstrap()
#22 C:/Users/Arn/Downloads/love-alarm/love-alarm/backend/vendor/laravel/framework/src/Illuminate/Foundation/Application.php(1235): Illuminate/Foundation/Console/Kernel->handle(Object(Symfony/Component/Console/Input/ArgvInput), Object(Symfony/Component/Console/Output/ConsoleOutput))
#23 C:/Users/Arn/Downloads/love-alarm/love-alarm/backend/artisan(16): Illuminate/Foundation/Application->handleCommand(Object(Symfony/Component/Console/Input/ArgvInput))
#24 {main}
"} 
[2026-08-28 07:36:43] local.ERROR: Target class [files] does not exist. {"exception":"[object] (Illuminate\\Contracts\\Container\\BindingResolutionException(code: 0): Target class [files] does not exist. at C:/Users/Arn/Downloads/love-alarm/love-alarm/backend/vendor/laravel/framework/src/Illuminate/Container/Container.php:1124)
[stacktrace]
#0 C:/Users/Arn/Downloads/love-alarm/love-alarm/backend/vendor/laravel/framework/src/Illuminate/Container/Container.php(933): Illuminate/Container/Container->build('files')
#1 C:/Users/Arn/Downloads/love-alarm/love-alarm/backend/vendor/laravel/framework/src/Illuminate/Foundation/Application.php(1078): Illuminate/Container/Container->resolve('files', Array, true)
#2 C:/Users/Arn/Downloads/love-alarm/love-alarm/backend/vendor/laravel/framework/src/Illuminate/Container/Container.php(864): Illuminate/Foundation/Application->resolve('files', Array)
#3 C:/Users/Arn/Downloads/love-alarm/love-alarm/backend/vendor/laravel/framework/src/Illuminate/Foundation/Application.php(1058): Illuminate/Container/Container->make('files', Array)
#4 C:/Users/Arn/Downloads/love-alarm/love-alarm/backend/vendor/laravel/framework/src/Illuminate/Container/Container.php(1805): Illuminate/Foundation/Application->make('files')
#5 C:/Users/Arn/Downloads/love-alarm/love-alarm/backend/vendor/laravel/framework/src/Illuminate/Foundation/Application.php(1333): Illuminate/Container/Container->offsetGet('files')
#6 C:/Users/Arn/Downloads/love-alarm/love-alarm/backend/vendor/laravel/sanctum/src/SanctumServiceProvider.php(68): Illuminate/Foundation/Application->routesAreCached()
#7 C:/Users/Arn/Downloads/love-alarm/love-alarm/backend/vendor/laravel/sanctum/src/SanctumServiceProvider.php(56): Laravel/Sanctum/SanctumServiceProvider->defineRoutes()
#8 C:/Users/Arn/Downloads/love-alarm/love-alarm/backend/vendor/laravel/framework/src/Illuminate/Container/BoundMethod.php(36): Laravel/Sanctum/SanctumServiceProvider->boot()
#9 C:/Users/Arn/Downloads/love-alarm/love-alarm/backend/vendor/laravel/framework/src/Illuminate/Container/Util.php(43): Illuminate/Container/BoundMethod::Illuminate/Container/{closure}()
#10 C:/Users/Arn/Downloads/love-alarm/love-alarm/backend/vendor/laravel/framework/src/Illuminate/Container/BoundMethod.php(96): Illuminate/Container/Util::unwrapIfClosure(Object(Closure))
#11 C:/Users/Arn/Downloads/love-alarm/love-alarm/backend/vendor/laravel/framework/src/Illuminate/Container/BoundMethod.php(35): Illuminate/Container/BoundMethod::callBoundMethod(Object(Illuminate/Foundation/Application), Array, Object(Closure))
#12 C:/Users/Arn/Downloads/love-alarm/love-alarm/backend/vendor/laravel/framework/src/Illuminate/Container/Container.php(799): Illuminate/Container/BoundMethod::call(Object(Illuminate/Foundation/Application), Array, Array, NULL)
#13 C:/Users/Arn/Downloads/love-alarm/love-alarm/backend/vendor/laravel/framework/src/Illuminate/Foundation/Application.php(1151): Illuminate/Container/Container->call(Array)
#14 C:/Users/Arn/Downloads/love-alarm/love-alarm/backend/vendor/laravel/framework/src/Illuminate/Foundation/Application.php(1132): Illuminate/Foundation/Application->bootProvider(Object(Laravel/Sanctum/SanctumServiceProvider))
#15 [internal function]: Illuminate/Foundation/Application->Illuminate/Foundation/{closure}(Object(Laravel/Sanctum/SanctumServiceProvider), 'Laravel//Sanctum...')
#16 C:/Users/Arn/Downloads/love-alarm/love-alarm/backend/vendor/laravel/framework/src/Illuminate/Foundation/Application.php(1131): array_walk(Array, Object(Closure))
#17 C:/Users/Arn/Downloads/love-alarm/love-alarm/backend/vendor/laravel/framework/src/Illuminate/Foundation/Bootstrap/BootProviders.php(17): Illuminate/Foundation/Application->boot()
#18 C:/Users/Arn/Downloads/love-alarm/love-alarm/backend/vendor/laravel/framework/src/Illuminate/Foundation/Application.php(342): Illuminate/Foundation/Bootstrap/BootProviders->bootstrap(Object(Illuminate/Foundation/Application))
#19 C:/Users/Arn/Downloads/love-alarm/love-alarm/backend/vendor/laravel/framework/src/Illuminate/Foundation/Console/Kernel.php(494): Illuminate/Foundation/Application->bootstrapWith(Array)
#20 C:/Users/Arn/Downloads/love-alarm/love-alarm/backend/vendor/laravel/framework/src/Illuminate/Foundation/Console/Kernel.php(196): Illuminate/Foundation/Console/Kernel->bootstrap()
#21 C:/Users/Arn/Downloads/love-alarm/love-alarm/backend/vendor/laravel/framework/src/Illuminate/Foundation/Application.php(1235): Illuminate/Foundation/Console/Kernel->handle(Object(Symfony/Component/Console/Input/ArgvInput), Object(Symfony/Component/Console/Output/ConsoleOutput))
#22 C:/Users/Arn/Downloads/love-alarm/love-alarm/backend/artisan(16): Illuminate/Foundation/Application->handleCommand(Object(Symfony/Component/Console/Input/ArgvInput))
#23 {main}

[previous exception] [object] (ReflectionException(code: -1): Class \"files\" does not exist at C:/Users/Arn/Downloads/love-alarm/love-alarm/backend/vendor/laravel/framework/src/Illuminate/Container/Container.php:1122)
[stacktrace]
#0 C:/Users/Arn/Downloads/love-alarm/love-alarm/backend/vendor/laravel/framework/src/Illuminate/Container/Container.php(1122): ReflectionClass->__construct('files')
#1 C:/Users/Arn/Downloads/love-alarm/love-alarm/backend/vendor/laravel/framework/src/Illuminate/Container/Container.php(933): Illuminate/Container/Container->build('files')
#2 C:/Users/Arn/Downloads/love-alarm/love-alarm/backend/vendor/laravel/framework/src/Illuminate/Foundation/Application.php(1078): Illuminate/Container/Container->resolve('files', Array, true)
#3 C:/Users/Arn/Downloads/love-alarm/love-alarm/backend/vendor/laravel/framework/src/Illuminate/Container/Container.php(864): Illuminate/Foundation/Application->resolve('files', Array)
#4 C:/Users/Arn/Downloads/love-alarm/love-alarm/backend/vendor/laravel/framework/src/Illuminate/Foundation/Application.php(1058): Illuminate/Container/Container->make('files', Array)
#5 C:/Users/Arn/Downloads/love-alarm/love-alarm/backend/vendor/laravel/framework/src/Illuminate/Container/Container.php(1805): Illuminate/Foundation/Application->make('files')
#6 C:/Users/Arn/Downloads/love-alarm/love-alarm/backend/vendor/laravel/framework/src/Illuminate/Foundation/Application.php(1333): Illuminate/Container/Container->offsetGet('files')
#7 C:/Users/Arn/Downloads/love-alarm/love-alarm/backend/vendor/laravel/sanctum/src/SanctumServiceProvider.php(68): Illuminate/Foundation/Application->routesAreCached()
#8 C:/Users/Arn/Downloads/love-alarm/love-alarm/backend/vendor/laravel/sanctum/src/SanctumServiceProvider.php(56): Laravel/Sanctum/SanctumServiceProvider->defineRoutes()
#9 C:/Users/Arn/Downloads/love-alarm/love-alarm/backend/vendor/laravel/framework/src/Illuminate/Container/BoundMethod.php(36): Laravel/Sanctum/SanctumServiceProvider->boot()
#10 C:/Users/Arn/Downloads/love-alarm/love-alarm/backend/vendor/laravel/framework/src/Illuminate/Container/Util.php(43): Illuminate/Container/BoundMethod::Illuminate/Container/{closure}()
#11 C:/Users/Arn/Downloads/love-alarm/love-alarm/backend/vendor/laravel/framework/src/Illuminate/Container/BoundMethod.php(96): Illuminate/Container/Util::unwrapIfClosure(Object(Closure))
#12 C:/Users/Arn/Downloads/love-alarm/love-alarm/backend/vendor/laravel/framework/src/Illuminate/Container/BoundMethod.php(35): Illuminate/Container/BoundMethod::callBoundMethod(Object(Illuminate/Foundation/Application), Array, Object(Closure))
#13 C:/Users/Arn/Downloads/love-alarm/love-alarm/backend/vendor/laravel/framework/src/Illuminate/Container/Container.php(799): Illuminate/Container/BoundMethod::call(Object(Illuminate/Foundation/Application), Array, Array, NULL)
#14 C:/Users/Arn/Downloads/love-alarm/love-alarm/backend/vendor/laravel/framework/src/Illuminate/Foundation/Application.php(1151): Illuminate/Container/Container->call(Array)
#15 C:/Users/Arn/Downloads/love-alarm/love-alarm/backend/vendor/laravel/framework/src/Illuminate/Foundation/Application.php(1132): Illuminate/Foundation/Application->bootProvider(Object(Laravel/Sanctum/SanctumServiceProvider))
#16 [internal function]: Illuminate/Foundation/Application->Illuminate/Foundation/{closure}(Object(Laravel/Sanctum/SanctumServiceProvider), 'Laravel//Sanctum...')
#17 C:/Users/Arn/Downloads/love-alarm/love-alarm/backend/vendor/laravel/framework/src/Illuminate/Foundation/Application.php(1131): array_walk(Array, Object(Closure))
#18 C:/Users/Arn/Downloads/love-alarm/love-alarm/backend/vendor/laravel/framework/src/Illuminate/Foundation/Bootstrap/BootProviders.php(17): Illuminate/Foundation/Application->boot()
#19 C:/Users/Arn/Downloads/love-alarm/love-alarm/backend/vendor/laravel/framework/src/Illuminate/Foundation/Application.php(342): Illuminate/Foundation/Bootstrap/BootProviders->bootstrap(Object(Illuminate/Foundation/Application))
#20 C:/Users/Arn/Downloads/love-alarm/love-alarm/backend/vendor/laravel/framework/src/Illuminate/Foundation/Console/Kernel.php(494): Illuminate/Foundation/Application->bootstrapWith(Array)
#21 C:/Users/Arn/Downloads/love-alarm/love-alarm/backend/vendor/laravel/framework/src/Illuminate/Foundation/Console/Kernel.php(196): Illuminate/Foundation/Console/Kernel->bootstrap()
#22 C:/Users/Arn/Downloads/love-alarm/love-alarm/backend/vendor/laravel/framework/src/Illuminate/Foundation/Application.php(1235): Illuminate/Foundation/Console/Kernel->handle(Object(Symfony/Component/Console/Input/ArgvInput), Object(Symfony/Component/Console/Output/ConsoleOutput))
#23 C:/Users/Arn/Downloads/love-alarm/love-alarm/backend/artisan(16): Illuminate/Foundation/Application->handleCommand(Object(Symfony/Component/Console/Input/ArgvInput))
#24 {main}
"} 
[2026-08-28 07:37:41] local.ERROR: Target class [files] does not exist. {"exception":"[object] (Illuminate\\Contracts\\Container\\BindingResolutionException(code: 0): Target class [files] does not exist. at C:/Users/Arn/Downloads/love-alarm/love-alarm/backend/vendor/laravel/framework/src/Illuminate/Container/Container.php:1124)
[stacktrace]
#0 C:/Users/Arn/Downloads/love-alarm/love-alarm/backend/vendor/laravel/framework/src/Illuminate/Container/Container.php(933): Illuminate/Container/Container->build('files')
#1 C:/Users/Arn/Downloads/love-alarm/love-alarm/backend/vendor/laravel/framework/src/Illuminate/Foundation/Application.php(1078): Illuminate/Container/Container->resolve('files', Array, true)
#2 C:/Users/Arn/Downloads/love-alarm/love-alarm/backend/vendor/laravel/framework/src/Illuminate/Container/Container.php(864): Illuminate/Foundation/Application->resolve('files', Array)
#3 C:/Users/Arn/Downloads/love-alarm/love-alarm/backend/vendor/laravel/framework/src/Illuminate/Foundation/Application.php(1058): Illuminate/Container/Container->make('files', Array)
#4 C:/Users/Arn/Downloads/love-alarm/love-alarm/backend/vendor/laravel/framework/src/Illuminate/Container/Container.php(1805): Illuminate/Foundation/Application->make('files')
#5 C:/Users/Arn/Downloads/love-alarm/love-alarm/backend/vendor/laravel/framework/src/Illuminate/Foundation/Application.php(1333): Illuminate/Container/Container->offsetGet('files')
#6 C:/Users/Arn/Downloads/love-alarm/love-alarm/backend/vendor/laravel/sanctum/src/SanctumServiceProvider.php(68): Illuminate/Foundation/Application->routesAreCached()
#7 C:/Users/Arn/Downloads/love-alarm/love-alarm/backend/vendor/laravel/sanctum/src/SanctumServiceProvider.php(56): Laravel/Sanctum/SanctumServiceProvider->defineRoutes()
#8 C:/Users/Arn/Downloads/love-alarm/love-alarm/backend/vendor/laravel/framework/src/Illuminate/Container/BoundMethod.php(36): Laravel/Sanctum/SanctumServiceProvider->boot()
#9 C:/Users/Arn/Downloads/love-alarm/love-alarm/backend/vendor/laravel/framework/src/Illuminate/Container/Util.php(43): Illuminate/Container/BoundMethod::Illuminate/Container/{closure}()
#10 C:/Users/Arn/Downloads/love-alarm/love-alarm/backend/vendor/laravel/framework/src/Illuminate/Container/BoundMethod.php(96): Illuminate/Container/Util::unwrapIfClosure(Object(Closure))
#11 C:/Users/Arn/Downloads/love-alarm/love-alarm/backend/vendor/laravel/framework/src/Illuminate/Container/BoundMethod.php(35): Illuminate/Container/BoundMethod::callBoundMethod(Object(Illuminate/Foundation/Application), Array, Object(Closure))
#12 C:/Users/Arn/Downloads/love-alarm/love-alarm/backend/vendor/laravel/framework/src/Illuminate/Container/Container.php(799): Illuminate/Container/BoundMethod::call(Object(Illuminate/Foundation/Application), Array, Array, NULL)
#13 C:/Users/Arn/Downloads/love-alarm/love-alarm/backend/vendor/laravel/framework/src/Illuminate/Foundation/Application.php(1151): Illuminate/Container/Container->call(Array)
#14 C:/Users/Arn/Downloads/love-alarm/love-alarm/backend/vendor/laravel/framework/src/Illuminate/Foundation/Application.php(1132): Illuminate/Foundation/Application->bootProvider(Object(Laravel/Sanctum/SanctumServiceProvider))
#15 [internal function]: Illuminate/Foundation/Application->Illuminate/Foundation/{closure}(Object(Laravel/Sanctum/SanctumServiceProvider), 'Laravel//Sanctum...')
#16 C:/Users/Arn/Downloads/love-alarm/love-alarm/backend/vendor/laravel/framework/src/Illuminate/Foundation/Application.php(1131): array_walk(Array, Object(Closure))
#17 C:/Users/Arn/Downloads/love-alarm/love-alarm/backend/vendor/laravel/framework/src/Illuminate/Foundation/Bootstrap/BootProviders.php(17): Illuminate/Foundation/Application->boot()
#18 C:/Users/Arn/Downloads/love-alarm/love-alarm/backend/vendor/laravel/framework/src/Illuminate/Foundation/Application.php(342): Illuminate/Foundation/Bootstrap/BootProviders->bootstrap(Object(Illuminate/Foundation/Application))
#19 C:/Users/Arn/Downloads/love-alarm/love-alarm/backend/vendor/laravel/framework/src/Illuminate/Foundation/Console/Kernel.php(494): Illuminate/Foundation/Application->bootstrapWith(Array)
#20 C:/Users/Arn/Downloads/love-alarm/love-alarm/backend/vendor/laravel/framework/src/Illuminate/Foundation/Console/Kernel.php(196): Illuminate/Foundation/Console/Kernel->bootstrap()
#21 C:/Users/Arn/Downloads/love-alarm/love-alarm/backend/vendor/laravel/framework/src/Illuminate/Foundation/Application.php(1235): Illuminate/Foundation/Console/Kernel->handle(Object(Symfony/Component/Console/Input/ArgvInput), Object(Symfony/Component/Console/Output/ConsoleOutput))
#22 C:/Users/Arn/Downloads/love-alarm/love-alarm/backend/artisan(16): Illuminate/Foundation/Application->handleCommand(Object(Symfony/Component/Console/Input/ArgvInput))
#23 {main}

[previous exception] [object] (ReflectionException(code: -1): Class \"files\" does not exist at C:/Users/Arn/Downloads/love-alarm/love-alarm/backend/vendor/laravel/framework/src/Illuminate/Container/Container.php:1122)
[stacktrace]
#0 C:/Users/Arn/Downloads/love-alarm/love-alarm/backend/vendor/laravel/framework/src/Illuminate/Container/Container.php(1122): ReflectionClass->__construct('files')
#1 C:/Users/Arn/Downloads/love-alarm/love-alarm/backend/vendor/laravel/framework/src/Illuminate/Container/Container.php(933): Illuminate/Container/Container->build('files')
#2 C:/Users/Arn/Downloads/love-alarm/love-alarm/backend/vendor/laravel/framework/src/Illuminate/Foundation/Application.php(1078): Illuminate/Container/Container->resolve('files', Array, true)
#3 C:/Users/Arn/Downloads/love-alarm/love-alarm/backend/vendor/laravel/framework/src/Illuminate/Container/Container.php(864): Illuminate/Foundation/Application->resolve('files', Array)
#4 C:/Users/Arn/Downloads/love-alarm/love-alarm/backend/vendor/laravel/framework/src/Illuminate/Foundation/Application.php(1058): Illuminate/Container/Container->make('files', Array)
#5 C:/Users/Arn/Downloads/love-alarm/love-alarm/backend/vendor/laravel/framework/src/Illuminate/Container/Container.php(1805): Illuminate/Foundation/Application->make('files')
#6 C:/Users/Arn/Downloads/love-alarm/love-alarm/backend/vendor/laravel/framework/src/Illuminate/Foundation/Application.php(1333): Illuminate/Container/Container->offsetGet('files')
#7 C:/Users/Arn/Downloads/love-alarm/love-alarm/backend/vendor/laravel/sanctum/src/SanctumServiceProvider.php(68): Illuminate/Foundation/Application->routesAreCached()
#8 C:/Users/Arn/Downloads/love-alarm/love-alarm/backend/vendor/laravel/sanctum/src/SanctumServiceProvider.php(56): Laravel/Sanctum/SanctumServiceProvider->defineRoutes()
#9 C:/Users/Arn/Downloads/love-alarm/love-alarm/backend/vendor/laravel/framework/src/Illuminate/Container/BoundMethod.php(36): Laravel/Sanctum/SanctumServiceProvider->boot()
#10 C:/Users/Arn/Downloads/love-alarm/love-alarm/backend/vendor/laravel/framework/src/Illuminate/Container/Util.php(43): Illuminate/Container/BoundMethod::Illuminate/Container/{closure}()
#11 C:/Users/Arn/Downloads/love-alarm/love-alarm/backend/vendor/laravel/framework/src/Illuminate/Container/BoundMethod.php(96): Illuminate/Container/Util::unwrapIfClosure(Object(Closure))
#12 C:/Users/Arn/Downloads/love-alarm/love-alarm/backend/vendor/laravel/framework/src/Illuminate/Container/BoundMethod.php(35): Illuminate/Container/BoundMethod::callBoundMethod(Object(Illuminate/Foundation/Application), Array, Object(Closure))
#13 C:/Users/Arn/Downloads/love-alarm/love-alarm/backend/vendor/laravel/framework/src/Illuminate/Container/Container.php(799): Illuminate/Container/BoundMethod::call(Object(Illuminate/Foundation/Application), Array, Array, NULL)
#14 C:/Users/Arn/Downloads/love-alarm/love-alarm/backend/vendor/laravel/framework/src/Illuminate/Foundation/Application.php(1151): Illuminate/Container/Container->call(Array)
#15 C:/Users/Arn/Downloads/love-alarm/love-alarm/backend/vendor/laravel/framework/src/Illuminate/Foundation/Application.php(1132): Illuminate/Foundation/Application->bootProvider(Object(Laravel/Sanctum/SanctumServiceProvider))
#16 [internal function]: Illuminate/Foundation/Application->Illuminate/Foundation/{closure}(Object(Laravel/Sanctum/SanctumServiceProvider), 'Laravel//Sanctum...')
#17 C:/Users/Arn/Downloads/love-alarm/love-alarm/backend/vendor/laravel/framework/src/Illuminate/Foundation/Application.php(1131): array_walk(Array, Object(Closure))
#18 C:/Users/Arn/Downloads/love-alarm/love-alarm/backend/vendor/laravel/framework/src/Illuminate/Foundation/Bootstrap/BootProviders.php(17): Illuminate/Foundation/Application->boot()
#19 C:/Users/Arn/Downloads/love-alarm/love-alarm/backend/vendor/laravel/framework/src/Illuminate/Foundation/Application.php(342): Illuminate/Foundation/Bootstrap/BootProviders->bootstrap(Object(Illuminate/Foundation/Application))
#20 C:/Users/Arn/Downloads/love-alarm/love-alarm/backend/vendor/laravel/framework/src/Illuminate/Foundation/Console/Kernel.php(494): Illuminate/Foundation/Application->bootstrapWith(Array)
#21 C:/Users/Arn/Downloads/love-alarm/love-alarm/backend/vendor/laravel/framework/src/Illuminate/Foundation/Console/Kernel.php(196): Illuminate/Foundation/Console/Kernel->bootstrap()
#22 C:/Users/Arn/Downloads/love-alarm/love-alarm/backend/vendor/laravel/framework/src/Illuminate/Foundation/Application.php(1235): Illuminate/Foundation/Console/Kernel->handle(Object(Symfony/Component/Console/Input/ArgvInput), Object(Symfony/Component/Console/Output/ConsoleOutput))
#23 C:/Users/Arn/Downloads/love-alarm/love-alarm/backend/artisan(16): Illuminate/Foundation/Application->handleCommand(Object(Symfony/Component/Console/Input/ArgvInput))
#24 {main}
"} 
[2026-08-28 07:37:46] local.ERROR: Target class [files] does not exist. {"exception":"[object] (Illuminate\\Contracts\\Container\\BindingResolutionException(code: 0): Target class [files] does not exist. at C:/Users/Arn/Downloads/love-alarm/love-alarm/backend/vendor/laravel/framework/src/Illuminate/Container/Container.php:1124)
[stacktrace]
#0 C:/Users/Arn/Downloads/love-alarm/love-alarm/backend/vendor/laravel/framework/src/Illuminate/Container/Container.php(933): Illuminate/Container/Container->build('files')
#1 C:/Users/Arn/Downloads/love-alarm/love-alarm/backend/vendor/laravel/framework/src/Illuminate/Foundation/Application.php(1078): Illuminate/Container/Container->resolve('files', Array, true)
#2 C:/Users/Arn/Downloads/love-alarm/love-alarm/backend/vendor/laravel/framework/src/Illuminate/Container/Container.php(864): Illuminate/Foundation/Application->resolve('files', Array)
#3 C:/Users/Arn/Downloads/love-alarm/love-alarm/backend/vendor/laravel/framework/src/Illuminate/Foundation/Application.php(1058): Illuminate/Container/Container->make('files', Array)
#4 C:/Users/Arn/Downloads/love-alarm/love-alarm/backend/vendor/laravel/framework/src/Illuminate/Container/Container.php(1805): Illuminate/Foundation/Application->make('files')
#5 C:/Users/Arn/Downloads/love-alarm/love-alarm/backend/vendor/laravel/framework/src/Illuminate/Foundation/Application.php(1333): Illuminate/Container/Container->offsetGet('files')
#6 C:/Users/Arn/Downloads/love-alarm/love-alarm/backend/vendor/laravel/sanctum/src/SanctumServiceProvider.php(68): Illuminate/Foundation/Application->routesAreCached()
#7 C:/Users/Arn/Downloads/love-alarm/love-alarm/backend/vendor/laravel/sanctum/src/SanctumServiceProvider.php(56): Laravel/Sanctum/SanctumServiceProvider->defineRoutes()
#8 C:/Users/Arn/Downloads/love-alarm/love-alarm/backend/vendor/laravel/framework/src/Illuminate/Container/BoundMethod.php(36): Laravel/Sanctum/SanctumServiceProvider->boot()
#9 C:/Users/Arn/Downloads/love-alarm/love-alarm/backend/vendor/laravel/framework/src/Illuminate/Container/Util.php(43): Illuminate/Container/BoundMethod::Illuminate/Container/{closure}()
#10 C:/Users/Arn/Downloads/love-alarm/love-alarm/backend/vendor/laravel/framework/src/Illuminate/Container/BoundMethod.php(96): Illuminate/Container/Util::unwrapIfClosure(Object(Closure))
#11 C:/Users/Arn/Downloads/love-alarm/love-alarm/backend/vendor/laravel/framework/src/Illuminate/Container/BoundMethod.php(35): Illuminate/Container/BoundMethod::callBoundMethod(Object(Illuminate/Foundation/Application), Array, Object(Closure))
#12 C:/Users/Arn/Downloads/love-alarm/love-alarm/backend/vendor/laravel/framework/src/Illuminate/Container/Container.php(799): Illuminate/Container/BoundMethod::call(Object(Illuminate/Foundation/Application), Array, Array, NULL)
#13 C:/Users/Arn/Downloads/love-alarm/love-alarm/backend/vendor/laravel/framework/src/Illuminate/Foundation/Application.php(1151): Illuminate/Container/Container->call(Array)
#14 C:/Users/Arn/Downloads/love-alarm/love-alarm/backend/vendor/laravel/framework/src/Illuminate/Foundation/Application.php(1132): Illuminate/Foundation/Application->bootProvider(Object(Laravel/Sanctum/SanctumServiceProvider))
#15 [internal function]: Illuminate/Foundation/Application->Illuminate/Foundation/{closure}(Object(Laravel/Sanctum/SanctumServiceProvider), 'Laravel//Sanctum...')
#16 C:/Users/Arn/Downloads/love-alarm/love-alarm/backend/vendor/laravel/framework/src/Illuminate/Foundation/Application.php(1131): array_walk(Array, Object(Closure))
#17 C:/Users/Arn/Downloads/love-alarm/love-alarm/backend/vendor/laravel/framework/src/Illuminate/Foundation/Bootstrap/BootProviders.php(17): Illuminate/Foundation/Application->boot()
#18 C:/Users/Arn/Downloads/love-alarm/love-alarm/backend/vendor/laravel/framework/src/Illuminate/Foundation/Application.php(342): Illuminate/Foundation/Bootstrap/BootProviders->bootstrap(Object(Illuminate/Foundation/Application))
#19 C:/Users/Arn/Downloads/love-alarm/love-alarm/backend/vendor/laravel/framework/src/Illuminate/Foundation/Console/Kernel.php(494): Illuminate/Foundation/Application->bootstrapWith(Array)
#20 C:/Users/Arn/Downloads/love-alarm/love-alarm/backend/vendor/laravel/framework/src/Illuminate/Foundation/Console/Kernel.php(196): Illuminate/Foundation/Console/Kernel->bootstrap()
#21 C:/Users/Arn/Downloads/love-alarm/love-alarm/backend/vendor/laravel/framework/src/Illuminate/Foundation/Application.php(1235): Illuminate/Foundation/Console/Kernel->handle(Object(Symfony/Component/Console/Input/ArgvInput), Object(Symfony/Component/Console/Output/ConsoleOutput))
#22 C:/Users/Arn/Downloads/love-alarm/love-alarm/backend/artisan(16): Illuminate/Foundation/Application->handleCommand(Object(Symfony/Component/Console/Input/ArgvInput))
#23 {main}

[previous exception] [object] (ReflectionException(code: -1): Class \"files\" does not exist at C:/Users/Arn/Downloads/love-alarm/love-alarm/backend/vendor/laravel/framework/src/Illuminate/Container/Container.php:1122)
[stacktrace]
#0 C:/Users/Arn/Downloads/love-alarm/love-alarm/backend/vendor/laravel/framework/src/Illuminate/Container/Container.php(1122): ReflectionClass->__construct('files')
#1 C:/Users/Arn/Downloads/love-alarm/love-alarm/backend/vendor/laravel/framework/src/Illuminate/Container/Container.php(933): Illuminate/Container/Container->build('files')
#2 C:/Users/Arn/Downloads/love-alarm/love-alarm/backend/vendor/laravel/framework/src/Illuminate/Foundation/Application.php(1078): Illuminate/Container/Container->resolve('files', Array, true)
#3 C:/Users/Arn/Downloads/love-alarm/love-alarm/backend/vendor/laravel/framework/src/Illuminate/Container/Container.php(864): Illuminate/Foundation/Application->resolve('files', Array)
#4 C:/Users/Arn/Downloads/love-alarm/love-alarm/backend/vendor/laravel/framework/src/Illuminate/Foundation/Application.php(1058): Illuminate/Container/Container->make('files', Array)
#5 C:/Users/Arn/Downloads/love-alarm/love-alarm/backend/vendor/laravel/framework/src/Illuminate/Container/Container.php(1805): Illuminate/Foundation/Application->make('files')
#6 C:/Users/Arn/Downloads/love-alarm/love-alarm/backend/vendor/laravel/framework/src/Illuminate/Foundation/Application.php(1333): Illuminate/Container/Container->offsetGet('files')
#7 C:/Users/Arn/Downloads/love-alarm/love-alarm/backend/vendor/laravel/sanctum/src/SanctumServiceProvider.php(68): Illuminate/Foundation/Application->routesAreCached()
#8 C:/Users/Arn/Downloads/love-alarm/love-alarm/backend/vendor/laravel/sanctum/src/SanctumServiceProvider.php(56): Laravel/Sanctum/SanctumServiceProvider->defineRoutes()
#9 C:/Users/Arn/Downloads/love-alarm/love-alarm/backend/vendor/laravel/framework/src/Illuminate/Container/BoundMethod.php(36): Laravel/Sanctum/SanctumServiceProvider->boot()
#10 C:/Users/Arn/Downloads/love-alarm/love-alarm/backend/vendor/laravel/framework/src/Illuminate/Container/Util.php(43): Illuminate/Container/BoundMethod::Illuminate/Container/{closure}()
#11 C:/Users/Arn/Downloads/love-alarm/love-alarm/backend/vendor/laravel/framework/src/Illuminate/Container/BoundMethod.php(96): Illuminate/Container/Util::unwrapIfClosure(Object(Closure))
#12 C:/Users/Arn/Downloads/love-alarm/love-alarm/backend/vendor/laravel/framework/src/Illuminate/Container/BoundMethod.php(35): Illuminate/Container/BoundMethod::callBoundMethod(Object(Illuminate/Foundation/Application), Array, Object(Closure))
#13 C:/Users/Arn/Downloads/love-alarm/love-alarm/backend/vendor/laravel/framework/src/Illuminate/Container/Container.php(799): Illuminate/Container/BoundMethod::call(Object(Illuminate/Foundation/Application), Array, Array, NULL)
#14 C:/Users/Arn/Downloads/love-alarm/love-alarm/backend/vendor/laravel/framework/src/Illuminate/Foundation/Application.php(1151): Illuminate/Container/Container->call(Array)
#15 C:/Users/Arn/Downloads/love-alarm/love-alarm/backend/vendor/laravel/framework/src/Illuminate/Foundation/Application.php(1132): Illuminate/Foundation/Application->bootProvider(Object(Laravel/Sanctum/SanctumServiceProvider))
#16 [internal function]: Illuminate/Foundation/Application->Illuminate/Foundation/{closure}(Object(Laravel/Sanctum/SanctumServiceProvider), 'Laravel//Sanctum...')
#17 C:/Users/Arn/Downloads/love-alarm/love-alarm/backend/vendor/laravel/framework/src/Illuminate/Foundation/Application.php(1131): array_walk(Array, Object(Closure))
#18 C:/Users/Arn/Downloads/love-alarm/love-alarm/backend/vendor/laravel/framework/src/Illuminate/Foundation/Bootstrap/BootProviders.php(17): Illuminate/Foundation/Application->boot()
#19 C:/Users/Arn/Downloads/love-alarm/love-alarm/backend/vendor/laravel/framework/src/Illuminate/Foundation/Application.php(342): Illuminate/Foundation/Bootstrap/BootProviders->bootstrap(Object(Illuminate/Foundation/Application))
#20 C:/Users/Arn/Downloads/love-alarm/love-alarm/backend/vendor/laravel/framework/src/Illuminate/Foundation/Console/Kernel.php(494): Illuminate/Foundation/Application->bootstrapWith(Array)
#21 C:/Users/Arn/Downloads/love-alarm/love-alarm/backend/vendor/laravel/framework/src/Illuminate/Foundation/Console/Kernel.php(196): Illuminate/Foundation/Console/Kernel->bootstrap()
#22 C:/Users/Arn/Downloads/love-alarm/love-alarm/backend/vendor/laravel/framework/src/Illuminate/Foundation/Application.php(1235): Illuminate/Foundation/Console/Kernel->handle(Object(Symfony/Component/Console/Input/ArgvInput), Object(Symfony/Component/Console/Output/ConsoleOutput))
#23 C:/Users/Arn/Downloads/love-alarm/love-alarm/backend/artisan(16): Illuminate/Foundation/Application->handleCommand(Object(Symfony/Component/Console/Input/ArgvInput))
#24 {main}
"} 
[2026-08-28 07:40:26] local.ERROR: Target class [files] does not exist. {"exception":"[object] (Illuminate\\Contracts\\Container\\BindingResolutionException(code: 0): Target class [files] does not exist. at C:/Users/Arn/Downloads/love-alarm/love-alarm/backend/vendor/laravel/framework/src/Illuminate/Container/Container.php:1124)
[stacktrace]
#0 C:/Users/Arn/Downloads/love-alarm/love-alarm/backend/vendor/laravel/framework/src/Illuminate/Container/Container.php(933): Illuminate/Container/Container->build('files')
#1 C:/Users/Arn/Downloads/love-alarm/love-alarm/backend/vendor/laravel/framework/src/Illuminate/Foundation/Application.php(1078): Illuminate/Container/Container->resolve('files', Array, true)
#2 C:/Users/Arn/Downloads/love-alarm/love-alarm/backend/vendor/laravel/framework/src/Illuminate/Container/Container.php(864): Illuminate/Foundation/Application->resolve('files', Array)
#3 C:/Users/Arn/Downloads/love-alarm/love-alarm/backend/vendor/laravel/framework/src/Illuminate/Foundation/Application.php(1058): Illuminate/Container/Container->make('files', Array)
#4 C:/Users/Arn/Downloads/love-alarm/love-alarm/backend/vendor/laravel/framework/src/Illuminate/Container/Container.php(1805): Illuminate/Foundation/Application->make('files')
#5 C:/Users/Arn/Downloads/love-alarm/love-alarm/backend/vendor/laravel/framework/src/Illuminate/Foundation/Application.php(1333): Illuminate/Container/Container->offsetGet('files')
#6 C:/Users/Arn/Downloads/love-alarm/love-alarm/backend/vendor/laravel/sanctum/src/SanctumServiceProvider.php(68): Illuminate/Foundation/Application->routesAreCached()
#7 C:/Users/Arn/Downloads/love-alarm/love-alarm/backend/vendor/laravel/sanctum/src/SanctumServiceProvider.php(56): Laravel/Sanctum/SanctumServiceProvider->defineRoutes()
#8 C:/Users/Arn/Downloads/love-alarm/love-alarm/backend/vendor/laravel/framework/src/Illuminate/Container/BoundMethod.php(36): Laravel/Sanctum/SanctumServiceProvider->boot()
#9 C:/Users/Arn/Downloads/love-alarm/love-alarm/backend/vendor/laravel/framework/src/Illuminate/Container/Util.php(43): Illuminate/Container/BoundMethod::Illuminate/Container/{closure}()
#10 C:/Users/Arn/Downloads/love-alarm/love-alarm/backend/vendor/laravel/framework/src/Illuminate/Container/BoundMethod.php(96): Illuminate/Container/Util::unwrapIfClosure(Object(Closure))
#11 C:/Users/Arn/Downloads/love-alarm/love-alarm/backend/vendor/laravel/framework/src/Illuminate/Container/BoundMethod.php(35): Illuminate/Container/BoundMethod::callBoundMethod(Object(Illuminate/Foundation/Application), Array, Object(Closure))
#12 C:/Users/Arn/Downloads/love-alarm/love-alarm/backend/vendor/laravel/framework/src/Illuminate/Container/Container.php(799): Illuminate/Container/BoundMethod::call(Object(Illuminate/Foundation/Application), Array, Array, NULL)
#13 C:/Users/Arn/Downloads/love-alarm/love-alarm/backend/vendor/laravel/framework/src/Illuminate/Foundation/Application.php(1151): Illuminate/Container/Container->call(Array)
#14 C:/Users/Arn/Downloads/love-alarm/love-alarm/backend/vendor/laravel/framework/src/Illuminate/Foundation/Application.php(1132): Illuminate/Foundation/Application->bootProvider(Object(Laravel/Sanctum/SanctumServiceProvider))
#15 [internal function]: Illuminate/Foundation/Application->Illuminate/Foundation/{closure}(Object(Laravel/Sanctum/SanctumServiceProvider), 'Laravel//Sanctum...')
#16 C:/Users/Arn/Downloads/love-alarm/love-alarm/backend/vendor/laravel/framework/src/Illuminate/Foundation/Application.php(1131): array_walk(Array, Object(Closure))
#17 C:/Users/Arn/Downloads/love-alarm/love-alarm/backend/vendor/laravel/framework/src/Illuminate/Foundation/Bootstrap/BootProviders.php(17): Illuminate/Foundation/Application->boot()
#18 C:/Users/Arn/Downloads/love-alarm/love-alarm/backend/vendor/laravel/framework/src/Illuminate/Foundation/Application.php(342): Illuminate/Foundation/Bootstrap/BootProviders->bootstrap(Object(Illuminate/Foundation/Application))
#19 C:/Users/Arn/Downloads/love-alarm/love-alarm/backend/vendor/laravel/framework/src/Illuminate/Foundation/Console/Kernel.php(494): Illuminate/Foundation/Application->bootstrapWith(Array)
#20 C:/Users/Arn/Downloads/love-alarm/love-alarm/backend/vendor/laravel/framework/src/Illuminate/Foundation/Console/Kernel.php(196): Illuminate/Foundation/Console/Kernel->bootstrap()
#21 C:/Users/Arn/Downloads/love-alarm/love-alarm/backend/vendor/laravel/framework/src/Illuminate/Foundation/Application.php(1235): Illuminate/Foundation/Console/Kernel->handle(Object(Symfony/Component/Console/Input/ArgvInput), Object(Symfony/Component/Console/Output/ConsoleOutput))
#22 C:/Users/Arn/Downloads/love-alarm/love-alarm/backend/artisan(16): Illuminate/Foundation/Application->handleCommand(Object(Symfony/Component/Console/Input/ArgvInput))
#23 {main}

[previous exception] [object] (ReflectionException(code: -1): Class \"files\" does not exist at C:/Users/Arn/Downloads/love-alarm/love-alarm/backend/vendor/laravel/framework/src/Illuminate/Container/Container.php:1122)
[stacktrace]
#0 C:/Users/Arn/Downloads/love-alarm/love-alarm/backend/vendor/laravel/framework/src/Illuminate/Container/Container.php(1122): ReflectionClass->__construct('files')
#1 C:/Users/Arn/Downloads/love-alarm/love-alarm/backend/vendor/laravel/framework/src/Illuminate/Container/Container.php(933): Illuminate/Container/Container->build('files')
#2 C:/Users/Arn/Downloads/love-alarm/love-alarm/backend/vendor/laravel/framework/src/Illuminate/Foundation/Application.php(1078): Illuminate/Container/Container->resolve('files', Array, true)
#3 C:/Users/Arn/Downloads/love-alarm/love-alarm/backend/vendor/laravel/framework/src/Illuminate/Container/Container.php(864): Illuminate/Foundation/Application->resolve('files', Array)
#4 C:/Users/Arn/Downloads/love-alarm/love-alarm/backend/vendor/laravel/framework/src/Illuminate/Foundation/Application.php(1058): Illuminate/Container/Container->make('files', Array)
#5 C:/Users/Arn/Downloads/love-alarm/love-alarm/backend/vendor/laravel/framework/src/Illuminate/Container/Container.php(1805): Illuminate/Foundation/Application->make('files')
#6 C:/Users/Arn/Downloads/love-alarm/love-alarm/backend/vendor/laravel/framework/src/Illuminate/Foundation/Application.php(1333): Illuminate/Container/Container->offsetGet('files')
#7 C:/Users/Arn/Downloads/love-alarm/love-alarm/backend/vendor/laravel/sanctum/src/SanctumServiceProvider.php(68): Illuminate/Foundation/Application->routesAreCached()
#8 C:/Users/Arn/Downloads/love-alarm/love-alarm/backend/vendor/laravel/sanctum/src/SanctumServiceProvider.php(56): Laravel/Sanctum/SanctumServiceProvider->defineRoutes()
#9 C:/Users/Arn/Downloads/love-alarm/love-alarm/backend/vendor/laravel/framework/src/Illuminate/Container/BoundMethod.php(36): Laravel/Sanctum/SanctumServiceProvider->boot()
#10 C:/Users/Arn/Downloads/love-alarm/love-alarm/backend/vendor/laravel/framework/src/Illuminate/Container/Util.php(43): Illuminate/Container/BoundMethod::Illuminate/Container/{closure}()
#11 C:/Users/Arn/Downloads/love-alarm/love-alarm/backend/vendor/laravel/framework/src/Illuminate/Container/BoundMethod.php(96): Illuminate/Container/Util::unwrapIfClosure(Object(Closure))
#12 C:/Users/Arn/Downloads/love-alarm/love-alarm/backend/vendor/laravel/framework/src/Illuminate/Container/BoundMethod.php(35): Illuminate/Container/BoundMethod::callBoundMethod(Object(Illuminate/Foundation/Application), Array, Object(Closure))
#13 C:/Users/Arn/Downloads/love-alarm/love-alarm/backend/vendor/laravel/framework/src/Illuminate/Container/Container.php(799): Illuminate/Container/BoundMethod::call(Object(Illuminate/Foundation/Application), Array, Array, NULL)
#14 C:/Users/Arn/Downloads/love-alarm/love-alarm/backend/vendor/laravel/framework/src/Illuminate/Foundation/Application.php(1151): Illuminate/Container/Container->call(Array)
#15 C:/Users/Arn/Downloads/love-alarm/love-alarm/backend/vendor/laravel/framework/src/Illuminate/Foundation/Application.php(1132): Illuminate/Foundation/Application->bootProvider(Object(Laravel/Sanctum/SanctumServiceProvider))
#16 [internal function]: Illuminate/Foundation/Application->Illuminate/Foundation/{closure}(Object(Laravel/Sanctum/SanctumServiceProvider), 'Laravel//Sanctum...')
#17 C:/Users/Arn/Downloads/love-alarm/love-alarm/backend/vendor/laravel/framework/src/Illuminate/Foundation/Application.php(1131): array_walk(Array, Object(Closure))
#18 C:/Users/Arn/Downloads/love-alarm/love-alarm/backend/vendor/laravel/framework/src/Illuminate/Foundation/Bootstrap/BootProviders.php(17): Illuminate/Foundation/Application->boot()
#19 C:/Users/Arn/Downloads/love-alarm/love-alarm/backend/vendor/laravel/framework/src/Illuminate/Foundation/Application.php(342): Illuminate/Foundation/Bootstrap/BootProviders->bootstrap(Object(Illuminate/Foundation/Application))
#20 C:/Users/Arn/Downloads/love-alarm/love-alarm/backend/vendor/laravel/framework/src/Illuminate/Foundation/Console/Kernel.php(494): Illuminate/Foundation/Application->bootstrapWith(Array)
#21 C:/Users/Arn/Downloads/love-alarm/love-alarm/backend/vendor/laravel/framework/src/Illuminate/Foundation/Console/Kernel.php(196): Illuminate/Foundation/Console/Kernel->bootstrap()
#22 C:/Users/Arn/Downloads/love-alarm/love-alarm/backend/vendor/laravel/framework/src/Illuminate/Foundation/Application.php(1235): Illuminate/Foundation/Console/Kernel->handle(Object(Symfony/Component/Console/Input/ArgvInput), Object(Symfony/Component/Console/Output/ConsoleOutput))
#23 C:/Users/Arn/Downloads/love-alarm/love-alarm/backend/artisan(16): Illuminate/Foundation/Application->handleCommand(Object(Symfony/Component/Console/Input/ArgvInput))
#24 {main}
"} 
[2026-08-28 07:40:35] local.ERROR: Target class [files] does not exist. {"exception":"[object] (Illuminate\\Contracts\\Container\\BindingResolutionException(code: 0): Target class [files] does not exist. at C:/Users/Arn/Downloads/love-alarm/love-alarm/backend/vendor/laravel/framework/src/Illuminate/Container/Container.php:1124)
[stacktrace]
#0 C:/Users/Arn/Downloads/love-alarm/love-alarm/backend/vendor/laravel/framework/src/Illuminate/Container/Container.php(933): Illuminate/Container/Container->build('files')
#1 C:/Users/Arn/Downloads/love-alarm/love-alarm/backend/vendor/laravel/framework/src/Illuminate/Foundation/Application.php(1078): Illuminate/Container/Container->resolve('files', Array, true)
#2 C:/Users/Arn/Downloads/love-alarm/love-alarm/backend/vendor/laravel/framework/src/Illuminate/Container/Container.php(864): Illuminate/Foundation/Application->resolve('files', Array)
#3 C:/Users/Arn/Downloads/love-alarm/love-alarm/backend/vendor/laravel/framework/src/Illuminate/Foundation/Application.php(1058): Illuminate/Container/Container->make('files', Array)
#4 C:/Users/Arn/Downloads/love-alarm/love-alarm/backend/vendor/laravel/framework/src/Illuminate/Container/Container.php(1805): Illuminate/Foundation/Application->make('files')
#5 C:/Users/Arn/Downloads/love-alarm/love-alarm/backend/vendor/laravel/framework/src/Illuminate/Foundation/Application.php(1333): Illuminate/Container/Container->offsetGet('files')
#6 C:/Users/Arn/Downloads/love-alarm/love-alarm/backend/vendor/laravel/sanctum/src/SanctumServiceProvider.php(68): Illuminate/Foundation/Application->routesAreCached()
#7 C:/Users/Arn/Downloads/love-alarm/love-alarm/backend/vendor/laravel/sanctum/src/SanctumServiceProvider.php(56): Laravel/Sanctum/SanctumServiceProvider->defineRoutes()
#8 C:/Users/Arn/Downloads/love-alarm/love-alarm/backend/vendor/laravel/framework/src/Illuminate/Container/BoundMethod.php(36): Laravel/Sanctum/SanctumServiceProvider->boot()
#9 C:/Users/Arn/Downloads/love-alarm/love-alarm/backend/vendor/laravel/framework/src/Illuminate/Container/Util.php(43): Illuminate/Container/BoundMethod::Illuminate/Container/{closure}()
#10 C:/Users/Arn/Downloads/love-alarm/love-alarm/backend/vendor/laravel/framework/src/Illuminate/Container/BoundMethod.php(96): Illuminate/Container/Util::unwrapIfClosure(Object(Closure))
#11 C:/Users/Arn/Downloads/love-alarm/love-alarm/backend/vendor/laravel/framework/src/Illuminate/Container/BoundMethod.php(35): Illuminate/Container/BoundMethod::callBoundMethod(Object(Illuminate/Foundation/Application), Array, Object(Closure))
#12 C:/Users/Arn/Downloads/love-alarm/love-alarm/backend/vendor/laravel/framework/src/Illuminate/Container/Container.php(799): Illuminate/Container/BoundMethod::call(Object(Illuminate/Foundation/Application), Array, Array, NULL)
#13 C:/Users/Arn/Downloads/love-alarm/love-alarm/backend/vendor/laravel/framework/src/Illuminate/Foundation/Application.php(1151): Illuminate/Container/Container->call(Array)
#14 C:/Users/Arn/Downloads/love-alarm/love-alarm/backend/vendor/laravel/framework/src/Illuminate/Foundation/Application.php(1132): Illuminate/Foundation/Application->bootProvider(Object(Laravel/Sanctum/SanctumServiceProvider))
#15 [internal function]: Illuminate/Foundation/Application->Illuminate/Foundation/{closure}(Object(Laravel/Sanctum/SanctumServiceProvider), 'Laravel//Sanctum...')
#16 C:/Users/Arn/Downloads/love-alarm/love-alarm/backend/vendor/laravel/framework/src/Illuminate/Foundation/Application.php(1131): array_walk(Array, Object(Closure))
#17 C:/Users/Arn/Downloads/love-alarm/love-alarm/backend/vendor/laravel/framework/src/Illuminate/Foundation/Bootstrap/BootProviders.php(17): Illuminate/Foundation/Application->boot()
#18 C:/Users/Arn/Downloads/love-alarm/love-alarm/backend/vendor/laravel/framework/src/Illuminate/Foundation/Application.php(342): Illuminate/Foundation/Bootstrap/BootProviders->bootstrap(Object(Illuminate/Foundation/Application))
#19 C:/Users/Arn/Downloads/love-alarm/love-alarm/backend/vendor/laravel/framework/src/Illuminate/Foundation/Console/Kernel.php(494): Illuminate/Foundation/Application->bootstrapWith(Array)
#20 C:/Users/Arn/Downloads/love-alarm/love-alarm/backend/vendor/laravel/framework/src/Illuminate/Foundation/Console/Kernel.php(196): Illuminate/Foundation/Console/Kernel->bootstrap()
#21 C:/Users/Arn/Downloads/love-alarm/love-alarm/backend/vendor/laravel/framework/src/Illuminate/Foundation/Application.php(1235): Illuminate/Foundation/Console/Kernel->handle(Object(Symfony/Component/Console/Input/ArgvInput), Object(Symfony/Component/Console/Output/ConsoleOutput))
#22 C:/Users/Arn/Downloads/love-alarm/love-alarm/backend/artisan(16): Illuminate/Foundation/Application->handleCommand(Object(Symfony/Component/Console/Input/ArgvInput))
#23 {main}

[previous exception] [object] (ReflectionException(code: -1): Class \"files\" does not exist at C:/Users/Arn/Downloads/love-alarm/love-alarm/backend/vendor/laravel/framework/src/Illuminate/Container/Container.php:1122)
[stacktrace]
#0 C:/Users/Arn/Downloads/love-alarm/love-alarm/backend/vendor/laravel/framework/src/Illuminate/Container/Container.php(1122): ReflectionClass->__construct('files')
#1 C:/Users/Arn/Downloads/love-alarm/love-alarm/backend/vendor/laravel/framework/src/Illuminate/Container/Container.php(933): Illuminate/Container/Container->build('files')
#2 C:/Users/Arn/Downloads/love-alarm/love-alarm/backend/vendor/laravel/framework/src/Illuminate/Foundation/Application.php(1078): Illuminate/Container/Container->resolve('files', Array, true)
#3 C:/Users/Arn/Downloads/love-alarm/love-alarm/backend/vendor/laravel/framework/src/Illuminate/Container/Container.php(864): Illuminate/Foundation/Application->resolve('files', Array)
#4 C:/Users/Arn/Downloads/love-alarm/love-alarm/backend/vendor/laravel/framework/src/Illuminate/Foundation/Application.php(1058): Illuminate/Container/Container->make('files', Array)
#5 C:/Users/Arn/Downloads/love-alarm/love-alarm/backend/vendor/laravel/framework/src/Illuminate/Container/Container.php(1805): Illuminate/Foundation/Application->make('files')
#6 C:/Users/Arn/Downloads/love-alarm/love-alarm/backend/vendor/laravel/framework/src/Illuminate/Foundation/Application.php(1333): Illuminate/Container/Container->offsetGet('files')
#7 C:/Users/Arn/Downloads/love-alarm/love-alarm/backend/vendor/laravel/sanctum/src/SanctumServiceProvider.php(68): Illuminate/Foundation/Application->routesAreCached()
#8 C:/Users/Arn/Downloads/love-alarm/love-alarm/backend/vendor/laravel/sanctum/src/SanctumServiceProvider.php(56): Laravel/Sanctum/SanctumServiceProvider->defineRoutes()
#9 C:/Users/Arn/Downloads/love-alarm/love-alarm/backend/vendor/laravel/framework/src/Illuminate/Container/BoundMethod.php(36): Laravel/Sanctum/SanctumServiceProvider->boot()
#10 C:/Users/Arn/Downloads/love-alarm/love-alarm/backend/vendor/laravel/framework/src/Illuminate/Container/Util.php(43): Illuminate/Container/BoundMethod::Illuminate/Container/{closure}()
#11 C:/Users/Arn/Downloads/love-alarm/love-alarm/backend/vendor/laravel/framework/src/Illuminate/Container/BoundMethod.php(96): Illuminate/Container/Util::unwrapIfClosure(Object(Closure))
#12 C:/Users/Arn/Downloads/love-alarm/love-alarm/backend/vendor/laravel/framework/src/Illuminate/Container/BoundMethod.php(35): Illuminate/Container/BoundMethod::callBoundMethod(Object(Illuminate/Foundation/Application), Array, Object(Closure))
#13 C:/Users/Arn/Downloads/love-alarm/love-alarm/backend/vendor/laravel/framework/src/Illuminate/Container/Container.php(799): Illuminate/Container/BoundMethod::call(Object(Illuminate/Foundation/Application), Array, Array, NULL)
#14 C:/Users/Arn/Downloads/love-alarm/love-alarm/backend/vendor/laravel/framework/src/Illuminate/Foundation/Application.php(1151): Illuminate/Container/Container->call(Array)
#15 C:/Users/Arn/Downloads/love-alarm/love-alarm/backend/vendor/laravel/framework/src/Illuminate/Foundation/Application.php(1132): Illuminate/Foundation/Application->bootProvider(Object(Laravel/Sanctum/SanctumServiceProvider))
#16 [internal function]: Illuminate/Foundation/Application->Illuminate/Foundation/{closure}(Object(Laravel/Sanctum/SanctumServiceProvider), 'Laravel//Sanctum...')
#17 C:/Users/Arn/Downloads/love-alarm/love-alarm/backend/vendor/laravel/framework/src/Illuminate/Foundation/Application.php(1131): array_walk(Array, Object(Closure))
#18 C:/Users/Arn/Downloads/love-alarm/love-alarm/backend/vendor/laravel/framework/src/Illuminate/Foundation/Bootstrap/BootProviders.php(17): Illuminate/Foundation/Application->boot()
#19 C:/Users/Arn/Downloads/love-alarm/love-alarm/backend/vendor/laravel/framework/src/Illuminate/Foundation/Application.php(342): Illuminate/Foundation/Bootstrap/BootProviders->bootstrap(Object(Illuminate/Foundation/Application))
#20 C:/Users/Arn/Downloads/love-alarm/love-alarm/backend/vendor/laravel/framework/src/Illuminate/Foundation/Console/Kernel.php(494): Illuminate/Foundation/Application->bootstrapWith(Array)
#21 C:/Users/Arn/Downloads/love-alarm/love-alarm/backend/vendor/laravel/framework/src/Illuminate/Foundation/Console/Kernel.php(196): Illuminate/Foundation/Console/Kernel->bootstrap()
#22 C:/Users/Arn/Downloads/love-alarm/love-alarm/backend/vendor/laravel/framework/src/Illuminate/Foundation/Application.php(1235): Illuminate/Foundation/Console/Kernel->handle(Object(Symfony/Component/Console/Input/ArgvInput), Object(Symfony/Component/Console/Output/ConsoleOutput))
#23 C:/Users/Arn/Downloads/love-alarm/love-alarm/backend/artisan(16): Illuminate/Foundation/Application->handleCommand(Object(Symfony/Component/Console/Input/ArgvInput))
#24 {main}
"} 
[2026-08-28 07:41:30] local.ERROR: Target class [files] does not exist. {"exception":"[object] (Illuminate\\Contracts\\Container\\BindingResolutionException(code: 0): Target class [files] does not exist. at C:/Users/Arn/Downloads/love-alarm/love-alarm/backend/vendor/laravel/framework/src/Illuminate/Container/Container.php:1124)
[stacktrace]
#0 C:/Users/Arn/Downloads/love-alarm/love-alarm/backend/vendor/laravel/framework/src/Illuminate/Container/Container.php(933): Illuminate/Container/Container->build('files')
#1 C:/Users/Arn/Downloads/love-alarm/love-alarm/backend/vendor/laravel/framework/src/Illuminate/Foundation/Application.php(1078): Illuminate/Container/Container->resolve('files', Array, true)
#2 C:/Users/Arn/Downloads/love-alarm/love-alarm/backend/vendor/laravel/framework/src/Illuminate/Container/Container.php(864): Illuminate/Foundation/Application->resolve('files', Array)
#3 C:/Users/Arn/Downloads/love-alarm/love-alarm/backend/vendor/laravel/framework/src/Illuminate/Foundation/Application.php(1058): Illuminate/Container/Container->make('files', Array)
#4 C:/Users/Arn/Downloads/love-alarm/love-alarm/backend/vendor/laravel/framework/src/Illuminate/Container/Container.php(1805): Illuminate/Foundation/Application->make('files')
#5 C:/Users/Arn/Downloads/love-alarm/love-alarm/backend/vendor/laravel/framework/src/Illuminate/Foundation/Application.php(1333): Illuminate/Container/Container->offsetGet('files')
#6 C:/Users/Arn/Downloads/love-alarm/love-alarm/backend/vendor/laravel/sanctum/src/SanctumServiceProvider.php(68): Illuminate/Foundation/Application->routesAreCached()
#7 C:/Users/Arn/Downloads/love-alarm/love-alarm/backend/vendor/laravel/sanctum/src/SanctumServiceProvider.php(56): Laravel/Sanctum/SanctumServiceProvider->defineRoutes()
#8 C:/Users/Arn/Downloads/love-alarm/love-alarm/backend/vendor/laravel/framework/src/Illuminate/Container/BoundMethod.php(36): Laravel/Sanctum/SanctumServiceProvider->boot()
#9 C:/Users/Arn/Downloads/love-alarm/love-alarm/backend/vendor/laravel/framework/src/Illuminate/Container/Util.php(43): Illuminate/Container/BoundMethod::Illuminate/Container/{closure}()
#10 C:/Users/Arn/Downloads/love-alarm/love-alarm/backend/vendor/laravel/framework/src/Illuminate/Container/BoundMethod.php(96): Illuminate/Container/Util::unwrapIfClosure(Object(Closure))
#11 C:/Users/Arn/Downloads/love-alarm/love-alarm/backend/vendor/laravel/framework/src/Illuminate/Container/BoundMethod.php(35): Illuminate/Container/BoundMethod::callBoundMethod(Object(Illuminate/Foundation/Application), Array, Object(Closure))
#12 C:/Users/Arn/Downloads/love-alarm/love-alarm/backend/vendor/laravel/framework/src/Illuminate/Container/Container.php(799): Illuminate/Container/BoundMethod::call(Object(Illuminate/Foundation/Application), Array, Array, NULL)
#13 C:/Users/Arn/Downloads/love-alarm/love-alarm/backend/vendor/laravel/framework/src/Illuminate/Foundation/Application.php(1151): Illuminate/Container/Container->call(Array)
#14 C:/Users/Arn/Downloads/love-alarm/love-alarm/backend/vendor/laravel/framework/src/Illuminate/Foundation/Application.php(1132): Illuminate/Foundation/Application->bootProvider(Object(Laravel/Sanctum/SanctumServiceProvider))
#15 [internal function]: Illuminate/Foundation/Application->Illuminate/Foundation/{closure}(Object(Laravel/Sanctum/SanctumServiceProvider), 'Laravel//Sanctum...')
#16 C:/Users/Arn/Downloads/love-alarm/love-alarm/backend/vendor/laravel/framework/src/Illuminate/Foundation/Application.php(1131): array_walk(Array, Object(Closure))
#17 C:/Users/Arn/Downloads/love-alarm/love-alarm/backend/vendor/laravel/framework/src/Illuminate/Foundation/Bootstrap/BootProviders.php(17): Illuminate/Foundation/Application->boot()
#18 C:/Users/Arn/Downloads/love-alarm/love-alarm/backend/vendor/laravel/framework/src/Illuminate/Foundation/Application.php(342): Illuminate/Foundation/Bootstrap/BootProviders->bootstrap(Object(Illuminate/Foundation/Application))
#19 C:/Users/Arn/Downloads/love-alarm/love-alarm/backend/vendor/laravel/framework/src/Illuminate/Foundation/Console/Kernel.php(494): Illuminate/Foundation/Application->bootstrapWith(Array)
#20 C:/Users/Arn/Downloads/love-alarm/love-alarm/backend/vendor/laravel/framework/src/Illuminate/Foundation/Console/Kernel.php(196): Illuminate/Foundation/Console/Kernel->bootstrap()
#21 C:/Users/Arn/Downloads/love-alarm/love-alarm/backend/vendor/laravel/framework/src/Illuminate/Foundation/Application.php(1235): Illuminate/Foundation/Console/Kernel->handle(Object(Symfony/Component/Console/Input/ArgvInput), Object(Symfony/Component/Console/Output/ConsoleOutput))
#22 C:/Users/Arn/Downloads/love-alarm/love-alarm/backend/artisan(16): Illuminate/Foundation/Application->handleCommand(Object(Symfony/Component/Console/Input/ArgvInput))
#23 {main}

[previous exception] [object] (ReflectionException(code: -1): Class \"files\" does not exist at C:/Users/Arn/Downloads/love-alarm/love-alarm/backend/vendor/laravel/framework/src/Illuminate/Container/Container.php:1122)
[stacktrace]
#0 C:/Users/Arn/Downloads/love-alarm/love-alarm/backend/vendor/laravel/framework/src/Illuminate/Container/Container.php(1122): ReflectionClass->__construct('files')
#1 C:/Users/Arn/Downloads/love-alarm/love-alarm/backend/vendor/laravel/framework/src/Illuminate/Container/Container.php(933): Illuminate/Container/Container->build('files')
#2 C:/Users/Arn/Downloads/love-alarm/love-alarm/backend/vendor/laravel/framework/src/Illuminate/Foundation/Application.php(1078): Illuminate/Container/Container->resolve('files', Array, true)
#3 C:/Users/Arn/Downloads/love-alarm/love-alarm/backend/vendor/laravel/framework/src/Illuminate/Container/Container.php(864): Illuminate/Foundation/Application->resolve('files', Array)
#4 C:/Users/Arn/Downloads/love-alarm/love-alarm/backend/vendor/laravel/framework/src/Illuminate/Foundation/Application.php(1058): Illuminate/Container/Container->make('files', Array)
#5 C:/Users/Arn/Downloads/love-alarm/love-alarm/backend/vendor/laravel/framework/src/Illuminate/Container/Container.php(1805): Illuminate/Foundation/Application->make('files')
#6 C:/Users/Arn/Downloads/love-alarm/love-alarm/backend/vendor/laravel/framework/src/Illuminate/Foundation/Application.php(1333): Illuminate/Container/Container->offsetGet('files')
#7 C:/Users/Arn/Downloads/love-alarm/love-alarm/backend/vendor/laravel/sanctum/src/SanctumServiceProvider.php(68): Illuminate/Foundation/Application->routesAreCached()
#8 C:/Users/Arn/Downloads/love-alarm/love-alarm/backend/vendor/laravel/sanctum/src/SanctumServiceProvider.php(56): Laravel/Sanctum/SanctumServiceProvider->defineRoutes()
#9 C:/Users/Arn/Downloads/love-alarm/love-alarm/backend/vendor/laravel/framework/src/Illuminate/Container/BoundMethod.php(36): Laravel/Sanctum/SanctumServiceProvider->boot()
#10 C:/Users/Arn/Downloads/love-alarm/love-alarm/backend/vendor/laravel/framework/src/Illuminate/Container/Util.php(43): Illuminate/Container/BoundMethod::Illuminate/Container/{closure}()
#11 C:/Users/Arn/Downloads/love-alarm/love-alarm/backend/vendor/laravel/framework/src/Illuminate/Container/BoundMethod.php(96): Illuminate/Container/Util::unwrapIfClosure(Object(Closure))
#12 C:/Users/Arn/Downloads/love-alarm/love-alarm/backend/vendor/laravel/framework/src/Illuminate/Container/BoundMethod.php(35): Illuminate/Container/BoundMethod::callBoundMethod(Object(Illuminate/Foundation/Application), Array, Object(Closure))
#13 C:/Users/Arn/Downloads/love-alarm/love-alarm/backend/vendor/laravel/framework/src/Illuminate/Container/Container.php(799): Illuminate/Container/BoundMethod::call(Object(Illuminate/Foundation/Application), Array, Array, NULL)
#14 C:/Users/Arn/Downloads/love-alarm/love-alarm/backend/vendor/laravel/framework/src/Illuminate/Foundation/Application.php(1151): Illuminate/Container/Container->call(Array)
#15 C:/Users/Arn/Downloads/love-alarm/love-alarm/backend/vendor/laravel/framework/src/Illuminate/Foundation/Application.php(1132): Illuminate/Foundation/Application->bootProvider(Object(Laravel/Sanctum/SanctumServiceProvider))
#16 [internal function]: Illuminate/Foundation/Application->Illuminate/Foundation/{closure}(Object(Laravel/Sanctum/SanctumServiceProvider), 'Laravel//Sanctum...')
#17 C:/Users/Arn/Downloads/love-alarm/love-alarm/backend/vendor/laravel/framework/src/Illuminate/Foundation/Application.php(1131): array_walk(Array, Object(Closure))
#18 C:/Users/Arn/Downloads/love-alarm/love-alarm/backend/vendor/laravel/framework/src/Illuminate/Foundation/Bootstrap/BootProviders.php(17): Illuminate/Foundation/Application->boot()
#19 C:/Users/Arn/Downloads/love-alarm/love-alarm/backend/vendor/laravel/framework/src/Illuminate/Foundation/Application.php(342): Illuminate/Foundation/Bootstrap/BootProviders->bootstrap(Object(Illuminate/Foundation/Application))
#20 C:/Users/Arn/Downloads/love-alarm/love-alarm/backend/vendor/laravel/framework/src/Illuminate/Foundation/Console/Kernel.php(494): Illuminate/Foundation/Application->bootstrapWith(Array)
#21 C:/Users/Arn/Downloads/love-alarm/love-alarm/backend/vendor/laravel/framework/src/Illuminate/Foundation/Console/Kernel.php(196): Illuminate/Foundation/Console/Kernel->bootstrap()
#22 C:/Users/Arn/Downloads/love-alarm/love-alarm/backend/vendor/laravel/framework/src/Illuminate/Foundation/Application.php(1235): Illuminate/Foundation/Console/Kernel->handle(Object(Symfony/Component/Console/Input/ArgvInput), Object(Symfony/Component/Console/Output/ConsoleOutput))
#23 C:/Users/Arn/Downloads/love-alarm/love-alarm/backend/artisan(16): Illuminate/Foundation/Application->handleCommand(Object(Symfony/Component/Console/Input/ArgvInput))
#24 {main}
"} 
[2026-08-28 07:41:31] local.ERROR: Target class [files] does not exist. {"exception":"[object] (Illuminate\\Contracts\\Container\\BindingResolutionException(code: 0): Target class [files] does not exist. at C:/Users/Arn/Downloads/love-alarm/love-alarm/backend/vendor/laravel/framework/src/Illuminate/Container/Container.php:1124)
[stacktrace]
#0 C:/Users/Arn/Downloads/love-alarm/love-alarm/backend/vendor/laravel/framework/src/Illuminate/Container/Container.php(933): Illuminate/Container/Container->build('files')
#1 C:/Users/Arn/Downloads/love-alarm/love-alarm/backend/vendor/laravel/framework/src/Illuminate/Foundation/Application.php(1078): Illuminate/Container/Container->resolve('files', Array, true)
#2 C:/Users/Arn/Downloads/love-alarm/love-alarm/backend/vendor/laravel/framework/src/Illuminate/Container/Container.php(864): Illuminate/Foundation/Application->resolve('files', Array)
#3 C:/Users/Arn/Downloads/love-alarm/love-alarm/backend/vendor/laravel/framework/src/Illuminate/Foundation/Application.php(1058): Illuminate/Container/Container->make('files', Array)
#4 C:/Users/Arn/Downloads/love-alarm/love-alarm/backend/vendor/laravel/framework/src/Illuminate/Container/Container.php(1805): Illuminate/Foundation/Application->make('files')
#5 C:/Users/Arn/Downloads/love-alarm/love-alarm/backend/vendor/laravel/framework/src/Illuminate/Foundation/Application.php(1333): Illuminate/Container/Container->offsetGet('files')
#6 C:/Users/Arn/Downloads/love-alarm/love-alarm/backend/vendor/laravel/sanctum/src/SanctumServiceProvider.php(68): Illuminate/Foundation/Application->routesAreCached()
#7 C:/Users/Arn/Downloads/love-alarm/love-alarm/backend/vendor/laravel/sanctum/src/SanctumServiceProvider.php(56): Laravel/Sanctum/SanctumServiceProvider->defineRoutes()
#8 C:/Users/Arn/Downloads/love-alarm/love-alarm/backend/vendor/laravel/framework/src/Illuminate/Container/BoundMethod.php(36): Laravel/Sanctum/SanctumServiceProvider->boot()
#9 C:/Users/Arn/Downloads/love-alarm/love-alarm/backend/vendor/laravel/framework/src/Illuminate/Container/Util.php(43): Illuminate/Container/BoundMethod::Illuminate/Container/{closure}()
#10 C:/Users/Arn/Downloads/love-alarm/love-alarm/backend/vendor/laravel/framework/src/Illuminate/Container/BoundMethod.php(96): Illuminate/Container/Util::unwrapIfClosure(Object(Closure))
#11 C:/Users/Arn/Downloads/love-alarm/love-alarm/backend/vendor/laravel/framework/src/Illuminate/Container/BoundMethod.php(35): Illuminate/Container/BoundMethod::callBoundMethod(Object(Illuminate/Foundation/Application), Array, Object(Closure))
#12 C:/Users/Arn/Downloads/love-alarm/love-alarm/backend/vendor/laravel/framework/src/Illuminate/Container/Container.php(799): Illuminate/Container/BoundMethod::call(Object(Illuminate/Foundation/Application), Array, Array, NULL)
#13 C:/Users/Arn/Downloads/love-alarm/love-alarm/backend/vendor/laravel/framework/src/Illuminate/Foundation/Application.php(1151): Illuminate/Container/Container->call(Array)
#14 C:/Users/Arn/Downloads/love-alarm/love-alarm/backend/vendor/laravel/framework/src/Illuminate/Foundation/Application.php(1132): Illuminate/Foundation/Application->bootProvider(Object(Laravel/Sanctum/SanctumServiceProvider))
#15 [internal function]: Illuminate/Foundation/Application->Illuminate/Foundation/{closure}(Object(Laravel/Sanctum/SanctumServiceProvider), 'Laravel//Sanctum...')
#16 C:/Users/Arn/Downloads/love-alarm/love-alarm/backend/vendor/laravel/framework/src/Illuminate/Foundation/Application.php(1131): array_walk(Array, Object(Closure))
#17 C:/Users/Arn/Downloads/love-alarm/love-alarm/backend/vendor/laravel/framework/src/Illuminate/Foundation/Bootstrap/BootProviders.php(17): Illuminate/Foundation/Application->boot()
#18 C:/Users/Arn/Downloads/love-alarm/love-alarm/backend/vendor/laravel/framework/src/Illuminate/Foundation/Application.php(342): Illuminate/Foundation/Bootstrap/BootProviders->bootstrap(Object(Illuminate/Foundation/Application))
#19 C:/Users/Arn/Downloads/love-alarm/love-alarm/backend/vendor/laravel/framework/src/Illuminate/Foundation/Console/Kernel.php(494): Illuminate/Foundation/Application->bootstrapWith(Array)
#20 C:/Users/Arn/Downloads/love-alarm/love-alarm/backend/vendor/laravel/framework/src/Illuminate/Foundation/Console/Kernel.php(196): Illuminate/Foundation/Console/Kernel->bootstrap()
#21 C:/Users/Arn/Downloads/love-alarm/love-alarm/backend/vendor/laravel/framework/src/Illuminate/Foundation/Application.php(1235): Illuminate/Foundation/Console/Kernel->handle(Object(Symfony/Component/Console/Input/ArgvInput), Object(Symfony/Component/Console/Output/ConsoleOutput))
#22 C:/Users/Arn/Downloads/love-alarm/love-alarm/backend/artisan(16): Illuminate/Foundation/Application->handleCommand(Object(Symfony/Component/Console/Input/ArgvInput))
#23 {main}

[previous exception] [object] (ReflectionException(code: -1): Class \"files\" does not exist at C:/Users/Arn/Downloads/love-alarm/love-alarm/backend/vendor/laravel/framework/src/Illuminate/Container/Container.php:1122)
[stacktrace]
#0 C:/Users/Arn/Downloads/love-alarm/love-alarm/backend/vendor/laravel/framework/src/Illuminate/Container/Container.php(1122): ReflectionClass->__construct('files')
#1 C:/Users/Arn/Downloads/love-alarm/love-alarm/backend/vendor/laravel/framework/src/Illuminate/Container/Container.php(933): Illuminate/Container/Container->build('files')
#2 C:/Users/Arn/Downloads/love-alarm/love-alarm/backend/vendor/laravel/framework/src/Illuminate/Foundation/Application.php(1078): Illuminate/Container/Container->resolve('files', Array, true)
#3 C:/Users/Arn/Downloads/love-alarm/love-alarm/backend/vendor/laravel/framework/src/Illuminate/Container/Container.php(864): Illuminate/Foundation/Application->resolve('files', Array)
#4 C:/Users/Arn/Downloads/love-alarm/love-alarm/backend/vendor/laravel/framework/src/Illuminate/Foundation/Application.php(1058): Illuminate/Container/Container->make('files', Array)
#5 C:/Users/Arn/Downloads/love-alarm/love-alarm/backend/vendor/laravel/framework/src/Illuminate/Container/Container.php(1805): Illuminate/Foundation/Application->make('files')
#6 C:/Users/Arn/Downloads/love-alarm/love-alarm/backend/vendor/laravel/framework/src/Illuminate/Foundation/Application.php(1333): Illuminate/Container/Container->offsetGet('files')
#7 C:/Users/Arn/Downloads/love-alarm/love-alarm/backend/vendor/laravel/sanctum/src/SanctumServiceProvider.php(68): Illuminate/Foundation/Application->routesAreCached()
#8 C:/Users/Arn/Downloads/love-alarm/love-alarm/backend/vendor/laravel/sanctum/src/SanctumServiceProvider.php(56): Laravel/Sanctum/SanctumServiceProvider->defineRoutes()
#9 C:/Users/Arn/Downloads/love-alarm/love-alarm/backend/vendor/laravel/framework/src/Illuminate/Container/BoundMethod.php(36): Laravel/Sanctum/SanctumServiceProvider->boot()
#10 C:/Users/Arn/Downloads/love-alarm/love-alarm/backend/vendor/laravel/framework/src/Illuminate/Container/Util.php(43): Illuminate/Container/BoundMethod::Illuminate/Container/{closure}()
#11 C:/Users/Arn/Downloads/love-alarm/love-alarm/backend/vendor/laravel/framework/src/Illuminate/Container/BoundMethod.php(96): Illuminate/Container/Util::unwrapIfClosure(Object(Closure))
#12 C:/Users/Arn/Downloads/love-alarm/love-alarm/backend/vendor/laravel/framework/src/Illuminate/Container/BoundMethod.php(35): Illuminate/Container/BoundMethod::callBoundMethod(Object(Illuminate/Foundation/Application), Array, Object(Closure))
#13 C:/Users/Arn/Downloads/love-alarm/love-alarm/backend/vendor/laravel/framework/src/Illuminate/Container/Container.php(799): Illuminate/Container/BoundMethod::call(Object(Illuminate/Foundation/Application), Array, Array, NULL)
#14 C:/Users/Arn/Downloads/love-alarm/love-alarm/backend/vendor/laravel/framework/src/Illuminate/Foundation/Application.php(1151): Illuminate/Container/Container->call(Array)
#15 C:/Users/Arn/Downloads/love-alarm/love-alarm/backend/vendor/laravel/framework/src/Illuminate/Foundation/Application.php(1132): Illuminate/Foundation/Application->bootProvider(Object(Laravel/Sanctum/SanctumServiceProvider))
#16 [internal function]: Illuminate/Foundation/Application->Illuminate/Foundation/{closure}(Object(Laravel/Sanctum/SanctumServiceProvider), 'Laravel//Sanctum...')
#17 C:/Users/Arn/Downloads/love-alarm/love-alarm/backend/vendor/laravel/framework/src/Illuminate/Foundation/Application.php(1131): array_walk(Array, Object(Closure))
#18 C:/Users/Arn/Downloads/love-alarm/love-alarm/backend/vendor/laravel/framework/src/Illuminate/Foundation/Bootstrap/BootProviders.php(17): Illuminate/Foundation/Application->boot()
#19 C:/Users/Arn/Downloads/love-alarm/love-alarm/backend/vendor/laravel/framework/src/Illuminate/Foundation/Application.php(342): Illuminate/Foundation/Bootstrap/BootProviders->bootstrap(Object(Illuminate/Foundation/Application))
#20 C:/Users/Arn/Downloads/love-alarm/love-alarm/backend/vendor/laravel/framework/src/Illuminate/Foundation/Console/Kernel.php(494): Illuminate/Foundation/Application->bootstrapWith(Array)
#21 C:/Users/Arn/Downloads/love-alarm/love-alarm/backend/vendor/laravel/framework/src/Illuminate/Foundation/Console/Kernel.php(196): Illuminate/Foundation/Console/Kernel->bootstrap()
#22 C:/Users/Arn/Downloads/love-alarm/love-alarm/backend/vendor/laravel/framework/src/Illuminate/Foundation/Application.php(1235): Illuminate/Foundation/Console/Kernel->handle(Object(Symfony/Component/Console/Input/ArgvInput), Object(Symfony/Component/Console/Output/ConsoleOutput))
#23 C:/Users/Arn/Downloads/love-alarm/love-alarm/backend/artisan(16): Illuminate/Foundation/Application->handleCommand(Object(Symfony/Component/Console/Input/ArgvInput))
#24 {main}
"} 
[2026-08-28 07:44:00] local.ERROR: SQLSTATE[08006] [7] could not translate host name "db" to address: Unknown host (Connection: pgsql, Host: db, Port: 5432, Database: lovealarm, SQL: select exists (select 1 from pg_class c, pg_namespace n where n.nspname = current_schema() and c.relname = 'migrations' and c.relkind in ('r', 'p') and n.oid = c.relnamespace)) {"exception":"[object] (Illuminate\\Database\\QueryException(code: 7): SQLSTATE[08006] [7] could not translate host name \"db\" to address: Unknown host (Connection: pgsql, Host: db, Port: 5432, Database: lovealarm, SQL: select exists (select 1 from pg_class c, pg_namespace n where n.nspname = current_schema() and c.relname = 'migrations' and c.relkind in ('r', 'p') and n.oid = c.relnamespace)) at C:/Users/Arn/Downloads/love-alarm/love-alarm/backend/vendor/laravel/framework/src/Illuminate/Database/Connection.php:838)
[stacktrace]
#0 C:/Users/Arn/Downloads/love-alarm/love-alarm/backend/vendor/laravel/framework/src/Illuminate/Database/Connection.php(999): Illuminate/Database/Connection->runQueryCallback('select exists (...', Array, Object(Closure))
#1 C:/Users/Arn/Downloads/love-alarm/love-alarm/backend/vendor/laravel/framework/src/Illuminate/Database/Connection.php(978): Illuminate/Database/Connection->tryAgainIfCausedByLostConnection(Object(Illuminate/Database/QueryException), 'select exists (...', Array, Object(Closure))
#2 C:/Users/Arn/Downloads/love-alarm/love-alarm/backend/vendor/laravel/framework/src/Illuminate/Database/Connection.php(796): Illuminate/Database/Connection->handleQueryException(Object(Illuminate/Database/QueryException), 'select exists (...', Array, Object(Closure))
#3 C:/Users/Arn/Downloads/love-alarm/love-alarm/backend/vendor/laravel/framework/src/Illuminate/Database/Connection.php(411): Illuminate/Database/Connection->run('select exists (...', Array, Object(Closure))
#4 C:/Users/Arn/Downloads/love-alarm/love-alarm/backend/vendor/laravel/framework/src/Illuminate/Database/Connection.php(357): Illuminate/Database/Connection->select('select exists (...', Array, true)
#5 C:/Users/Arn/Downloads/love-alarm/love-alarm/backend/vendor/laravel/framework/src/Illuminate/Database/Connection.php(374): Illuminate/Database/Connection->selectOne('select exists (...', Array, true)
#6 C:/Users/Arn/Downloads/love-alarm/love-alarm/backend/vendor/laravel/framework/src/Illuminate/Database/Schema/Builder.php(176): Illuminate/Database/Connection->scalar('select exists (...')
#7 C:/Users/Arn/Downloads/love-alarm/love-alarm/backend/vendor/laravel/framework/src/Illuminate/Database/Migrations/DatabaseMigrationRepository.php(185): Illuminate/Database/Schema/Builder->hasTable('migrations')
#8 C:/Users/Arn/Downloads/love-alarm/love-alarm/backend/vendor/laravel/framework/src/Illuminate/Database/Migrations/Migrator.php(758): Illuminate/Database/Migrations/DatabaseMigrationRepository->repositoryExists()
#9 C:/Users/Arn/Downloads/love-alarm/love-alarm/backend/vendor/laravel/framework/src/Illuminate/Database/Console/Migrations/StatusCommand.php(55): Illuminate/Database/Migrations/Migrator->repositoryExists()
#10 C:/Users/Arn/Downloads/love-alarm/love-alarm/backend/vendor/laravel/framework/src/Illuminate/Database/Migrations/Migrator.php(671): Illuminate/Database/Console/Migrations/StatusCommand->Illuminate/Database/Console/Migrations/{closure}()
#11 C:/Users/Arn/Downloads/love-alarm/love-alarm/backend/vendor/laravel/framework/src/Illuminate/Database/Console/Migrations/StatusCommand.php(54): Illuminate/Database/Migrations/Migrator->usingConnection(NULL, Object(Closure))
#12 C:/Users/Arn/Downloads/love-alarm/love-alarm/backend/vendor/laravel/framework/src/Illuminate/Container/BoundMethod.php(36): Illuminate/Database/Console/Migrations/StatusCommand->handle()
#13 C:/Users/Arn/Downloads/love-alarm/love-alarm/backend/vendor/laravel/framework/src/Illuminate/Container/Util.php(43): Illuminate/Container/BoundMethod::Illuminate/Container/{closure}()
#14 C:/Users/Arn/Downloads/love-alarm/love-alarm/backend/vendor/laravel/framework/src/Illuminate/Container/BoundMethod.php(96): Illuminate/Container/Util::unwrapIfClosure(Object(Closure))
#15 C:/Users/Arn/Downloads/love-alarm/love-alarm/backend/vendor/laravel/framework/src/Illuminate/Container/BoundMethod.php(35): Illuminate/Container/BoundMethod::callBoundMethod(Object(Illuminate/Foundation/Application), Array, Object(Closure))
#16 C:/Users/Arn/Downloads/love-alarm/love-alarm/backend/vendor/laravel/framework/src/Illuminate/Container/Container.php(799): Illuminate/Container/BoundMethod::call(Object(Illuminate/Foundation/Application), Array, Array, NULL)
#17 C:/Users/Arn/Downloads/love-alarm/love-alarm/backend/vendor/laravel/framework/src/Illuminate/Console/Command.php(211): Illuminate/Container/Container->call(Array)
#18 C:/Users/Arn/Downloads/love-alarm/love-alarm/backend/vendor/symfony/console/Command/Command.php(341): Illuminate/Console/Command->execute(Object(Symfony/Component/Console/Input/ArgvInput), Object(Illuminate/Console/OutputStyle))
#19 C:/Users/Arn/Downloads/love-alarm/love-alarm/backend/vendor/laravel/framework/src/Illuminate/Console/Command.php(180): Symfony/Component/Console/Command/Command->run(Object(Symfony/Component/Console/Input/ArgvInput), Object(Illuminate/Console/OutputStyle))
#20 C:/Users/Arn/Downloads/love-alarm/love-alarm/backend/vendor/symfony/console/Application.php(1117): Illuminate/Console/Command->run(Object(Symfony/Component/Console/Input/ArgvInput), Object(Symfony/Component/Console/Output/ConsoleOutput))
#21 C:/Users/Arn/Downloads/love-alarm/love-alarm/backend/vendor/symfony/console/Application.php(356): Symfony/Component/Console/Application->doRunCommand(Object(Illuminate/Database/Console/Migrations/StatusCommand), Object(Symfony/Component/Console/Input/ArgvInput), Object(Symfony/Component/Console/Output/ConsoleOutput))
#22 C:/Users/Arn/Downloads/love-alarm/love-alarm/backend/vendor/symfony/console/Application.php(195): Symfony/Component/Console/Application->doRun(Object(Symfony/Component/Console/Input/ArgvInput), Object(Symfony/Component/Console/Output/ConsoleOutput))
#23 C:/Users/Arn/Downloads/love-alarm/love-alarm/backend/vendor/laravel/framework/src/Illuminate/Foundation/Console/Kernel.php(198): Symfony/Component/Console/Application->run(Object(Symfony/Component/Console/Input/ArgvInput), Object(Symfony/Component/Console/Output/ConsoleOutput))
#24 C:/Users/Arn/Downloads/love-alarm/love-alarm/backend/vendor/laravel/framework/src/Illuminate/Foundation/Application.php(1235): Illuminate/Foundation/Console/Kernel->handle(Object(Symfony/Component/Console/Input/ArgvInput), Object(Symfony/Component/Console/Output/ConsoleOutput))
#25 C:/Users/Arn/Downloads/love-alarm/love-alarm/backend/artisan(16): Illuminate/Foundation/Application->handleCommand(Object(Symfony/Component/Console/Input/ArgvInput))
#26 {main}

[previous exception] [object] (PDOException(code: 7): SQLSTATE[08006] [7] could not translate host name \"db\" to address: Unknown host at C:/Users/Arn/Downloads/love-alarm/love-alarm/backend/vendor/laravel/framework/src/Illuminate/Database/Connectors/Connector.php:66)
[stacktrace]
#0 C:/Users/Arn/Downloads/love-alarm/love-alarm/backend/vendor/laravel/framework/src/Illuminate/Database/Connectors/Connector.php(66): PDO->__construct('pgsql:host=db;d...', 'lovealarm', Object(SensitiveParameterValue), Array)
#1 C:/Users/Arn/Downloads/love-alarm/love-alarm/backend/vendor/laravel/framework/src/Illuminate/Database/Connectors/Connector.php(85): Illuminate/Database/Connectors/Connector->createPdoConnection('pgsql:host=db;d...', 'lovealarm', Object(SensitiveParameterValue), Array)
#2 C:/Users/Arn/Downloads/love-alarm/love-alarm/backend/vendor/laravel/framework/src/Illuminate/Database/Connectors/Connector.php(48): Illuminate/Database/Connectors/Connector->tryAgainIfCausedByLostConnection(Object(PDOException), 'pgsql:host=db;d...', 'lovealarm', Object(SensitiveParameterValue), Array)
#3 C:/Users/Arn/Downloads/love-alarm/love-alarm/backend/vendor/laravel/framework/src/Illuminate/Database/Connectors/PostgresConnector.php(35): Illuminate/Database/Connectors/Connector->createConnection('pgsql:host=db;d...', Array, Array)
#4 C:/Users/Arn/Downloads/love-alarm/love-alarm/backend/vendor/laravel/framework/src/Illuminate/Database/Connectors/ConnectionFactory.php(186): Illuminate/Database/Connectors/PostgresConnector->connect(Array)
#5 [internal function]: Illuminate/Database/Connectors/ConnectionFactory->Illuminate/Database/Connectors/{closure}()
#6 C:/Users/Arn/Downloads/love-alarm/love-alarm/backend/vendor/laravel/framework/src/Illuminate/Database/Connection.php(1257): call_user_func(Object(Closure))
#7 C:/Users/Arn/Downloads/love-alarm/love-alarm/backend/vendor/laravel/framework/src/Illuminate/Database/Connection.php(1295): Illuminate/Database/Connection->getPdo()
#8 C:/Users/Arn/Downloads/love-alarm/love-alarm/backend/vendor/laravel/framework/src/Illuminate/Database/Connection.php(525): Illuminate/Database/Connection->getReadPdo()
#9 C:/Users/Arn/Downloads/love-alarm/love-alarm/backend/vendor/laravel/framework/src/Illuminate/Database/Connection.php(420): Illuminate/Database/Connection->getPdoForSelect(true)
#10 C:/Users/Arn/Downloads/love-alarm/love-alarm/backend/vendor/laravel/framework/src/Illuminate/Database/Connection.php(827): Illuminate/Database/Connection->Illuminate/Database/{closure}('select exists (...', Array)
#11 C:/Users/Arn/Downloads/love-alarm/love-alarm/backend/vendor/laravel/framework/src/Illuminate/Database/Connection.php(999): Illuminate/Database/Connection->runQueryCallback('select exists (...', Array, Object(Closure))
#12 C:/Users/Arn/Downloads/love-alarm/love-alarm/backend/vendor/laravel/framework/src/Illuminate/Database/Connection.php(978): Illuminate/Database/Connection->tryAgainIfCausedByLostConnection(Object(Illuminate/Database/QueryException), 'select exists (...', Array, Object(Closure))
#13 C:/Users/Arn/Downloads/love-alarm/love-alarm/backend/vendor/laravel/framework/src/Illuminate/Database/Connection.php(796): Illuminate/Database/Connection->handleQueryException(Object(Illuminate/Database/QueryException), 'select exists (...', Array, Object(Closure))
#14 C:/Users/Arn/Downloads/love-alarm/love-alarm/backend/vendor/laravel/framework/src/Illuminate/Database/Connection.php(411): Illuminate/Database/Connection->run('select exists (...', Array, Object(Closure))
#15 C:/Users/Arn/Downloads/love-alarm/love-alarm/backend/vendor/laravel/framework/src/Illuminate/Database/Connection.php(357): Illuminate/Database/Connection->select('select exists (...', Array, true)
#16 C:/Users/Arn/Downloads/love-alarm/love-alarm/backend/vendor/laravel/framework/src/Illuminate/Database/Connection.php(374): Illuminate/Database/Connection->selectOne('select exists (...', Array, true)
#17 C:/Users/Arn/Downloads/love-alarm/love-alarm/backend/vendor/laravel/framework/src/Illuminate/Database/Schema/Builder.php(176): Illuminate/Database/Connection->scalar('select exists (...')
#18 C:/Users/Arn/Downloads/love-alarm/love-alarm/backend/vendor/laravel/framework/src/Illuminate/Database/Migrations/DatabaseMigrationRepository.php(185): Illuminate/Database/Schema/Builder->hasTable('migrations')
#19 C:/Users/Arn/Downloads/love-alarm/love-alarm/backend/vendor/laravel/framework/src/Illuminate/Database/Migrations/Migrator.php(758): Illuminate/Database/Migrations/DatabaseMigrationRepository->repositoryExists()
#20 C:/Users/Arn/Downloads/love-alarm/love-alarm/backend/vendor/laravel/framework/src/Illuminate/Database/Console/Migrations/StatusCommand.php(55): Illuminate/Database/Migrations/Migrator->repositoryExists()
#21 C:/Users/Arn/Downloads/love-alarm/love-alarm/backend/vendor/laravel/framework/src/Illuminate/Database/Migrations/Migrator.php(671): Illuminate/Database/Console/Migrations/StatusCommand->Illuminate/Database/Console/Migrations/{closure}()
#22 C:/Users/Arn/Downloads/love-alarm/love-alarm/backend/vendor/laravel/framework/src/Illuminate/Database/Console/Migrations/StatusCommand.php(54): Illuminate/Database/Migrations/Migrator->usingConnection(NULL, Object(Closure))
#23 C:/Users/Arn/Downloads/love-alarm/love-alarm/backend/vendor/laravel/framework/src/Illuminate/Container/BoundMethod.php(36): Illuminate/Database/Console/Migrations/StatusCommand->handle()
#24 C:/Users/Arn/Downloads/love-alarm/love-alarm/backend/vendor/laravel/framework/src/Illuminate/Container/Util.php(43): Illuminate/Container/BoundMethod::Illuminate/Container/{closure}()
#25 C:/Users/Arn/Downloads/love-alarm/love-alarm/backend/vendor/laravel/framework/src/Illuminate/Container/BoundMethod.php(96): Illuminate/Container/Util::unwrapIfClosure(Object(Closure))
#26 C:/Users/Arn/Downloads/love-alarm/love-alarm/backend/vendor/laravel/framework/src/Illuminate/Container/BoundMethod.php(35): Illuminate/Container/BoundMethod::callBoundMethod(Object(Illuminate/Foundation/Application), Array, Object(Closure))
#27 C:/Users/Arn/Downloads/love-alarm/love-alarm/backend/vendor/laravel/framework/src/Illuminate/Container/Container.php(799): Illuminate/Container/BoundMethod::call(Object(Illuminate/Foundation/Application), Array, Array, NULL)
#28 C:/Users/Arn/Downloads/love-alarm/love-alarm/backend/vendor/laravel/framework/src/Illuminate/Console/Command.php(211): Illuminate/Container/Container->call(Array)
#29 C:/Users/Arn/Downloads/love-alarm/love-alarm/backend/vendor/symfony/console/Command/Command.php(341): Illuminate/Console/Command->execute(Object(Symfony/Component/Console/Input/ArgvInput), Object(Illuminate/Console/OutputStyle))
#30 C:/Users/Arn/Downloads/love-alarm/love-alarm/backend/vendor/laravel/framework/src/Illuminate/Console/Command.php(180): Symfony/Component/Console/Command/Command->run(Object(Symfony/Component/Console/Input/ArgvInput), Object(Illuminate/Console/OutputStyle))
#31 C:/Users/Arn/Downloads/love-alarm/love-alarm/backend/vendor/symfony/console/Application.php(1117): Illuminate/Console/Command->run(Object(Symfony/Component/Console/Input/ArgvInput), Object(Symfony/Component/Console/Output/ConsoleOutput))
#32 C:/Users/Arn/Downloads/love-alarm/love-alarm/backend/vendor/symfony/console/Application.php(356): Symfony/Component/Console/Application->doRunCommand(Object(Illuminate/Database/Console/Migrations/StatusCommand), Object(Symfony/Component/Console/Input/ArgvInput), Object(Symfony/Component/Console/Output/ConsoleOutput))
#33 C:/Users/Arn/Downloads/love-alarm/love-alarm/backend/vendor/symfony/console/Application.php(195): Symfony/Component/Console/Application->doRun(Object(Symfony/Component/Console/Input/ArgvInput), Object(Symfony/Component/Console/Output/ConsoleOutput))
#34 C:/Users/Arn/Downloads/love-alarm/love-alarm/backend/vendor/laravel/framework/src/Illuminate/Foundation/Console/Kernel.php(198): Symfony/Component/Console/Application->run(Object(Symfony/Component/Console/Input/ArgvInput), Object(Symfony/Component/Console/Output/ConsoleOutput))
#35 C:/Users/Arn/Downloads/love-alarm/love-alarm/backend/vendor/laravel/framework/src/Illuminate/Foundation/Application.php(1235): Illuminate/Foundation/Console/Kernel->handle(Object(Symfony/Component/Console/Input/ArgvInput), Object(Symfony/Component/Console/Output/ConsoleOutput))
#36 C:/Users/Arn/Downloads/love-alarm/love-alarm/backend/artisan(16): Illuminate/Foundation/Application->handleCommand(Object(Symfony/Component/Console/Input/ArgvInput))
#37 {main}
"} 
[2026-08-28 08:13:56] local.ERROR: SQLSTATE[42601]: Syntax error: 7 ERROR:  syntax error at or near ","
LINE 1: ...dx" on "crushes" ((least(from_user_id, to_user_id), greatest...
                                                             ^ (Connection: pgsql, Host: 127.0.0.1, Port: 5432, Database: lovealarm, SQL: create index "crushes_pair_idx" on "crushes" ((least(from_user_id, to_user_id), greatest(from_user_id, to_user_id)))) {"exception":"[object] (Illuminate\\Database\\QueryException(code: 42601): SQLSTATE[42601]: Syntax error: 7 ERROR:  syntax error at or near \",\"
LINE 1: ...dx\" on \"crushes\" ((least(from_user_id, to_user_id), greatest...
                                                             ^ (Connection: pgsql, Host: 127.0.0.1, Port: 5432, Database: lovealarm, SQL: create index \"crushes_pair_idx\" on \"crushes\" ((least(from_user_id, to_user_id), greatest(from_user_id, to_user_id)))) at C:/Users/Arn/Downloads/love-alarm/love-alarm/backend/vendor/laravel/framework/src/Illuminate/Database/Connection.php:838)
[stacktrace]
#0 C:/Users/Arn/Downloads/love-alarm/love-alarm/backend/vendor/laravel/framework/src/Illuminate/Database/Connection.php(794): Illuminate/Database/Connection->runQueryCallback('create index \"c...', Array, Object(Closure))
#1 C:/Users/Arn/Downloads/love-alarm/love-alarm/backend/vendor/laravel/framework/src/Illuminate/Database/Connection.php(573): Illuminate/Database/Connection->run('create index \"c...', Array, Object(Closure))
#2 C:/Users/Arn/Downloads/love-alarm/love-alarm/backend/vendor/laravel/framework/src/Illuminate/Database/Schema/Blueprint.php(121): Illuminate/Database/Connection->statement('create index \"c...')
#3 C:/Users/Arn/Downloads/love-alarm/love-alarm/backend/vendor/laravel/framework/src/Illuminate/Database/Schema/Builder.php(686): Illuminate/Database/Schema/Blueprint->build()
#4 C:/Users/Arn/Downloads/love-alarm/love-alarm/backend/vendor/laravel/framework/src/Illuminate/Database/Schema/Builder.php(506): Illuminate/Database/Schema/Builder->build(Object(Illuminate/Database/Schema/Blueprint))
#5 C:/Users/Arn/Downloads/love-alarm/love-alarm/backend/vendor/laravel/framework/src/Illuminate/Support/Facades/Facade.php(363): Illuminate/Database/Schema/Builder->create('crushes', Object(Closure))
#6 C:/Users/Arn/Downloads/love-alarm/love-alarm/backend/database/migrations/2024_01_01_000007_create_crushes_table.php(11): Illuminate/Support/Facades/Facade::__callStatic('create', Array)
#7 C:/Users/Arn/Downloads/love-alarm/love-alarm/backend/vendor/laravel/framework/src/Illuminate/Database/Migrations/Migrator.php(517): Illuminate/Database/Migrations/Migration@anonymous->up()
#8 C:/Users/Arn/Downloads/love-alarm/love-alarm/backend/vendor/laravel/framework/src/Illuminate/Database/Migrations/Migrator.php(442): Illuminate/Database/Migrations/Migrator->runMethod(Object(Illuminate/Database/PostgresConnection), Object(Illuminate/Database/Migrations/Migration@anonymous), 'up')
#9 C:/Users/Arn/Downloads/love-alarm/love-alarm/backend/vendor/laravel/framework/src/Illuminate/Database/Concerns/ManagesTransactions.php(35): Illuminate/Database/Migrations/Migrator->Illuminate/Database/Migrations/{closure}(Object(Illuminate/Database/PostgresConnection))
#10 C:/Users/Arn/Downloads/love-alarm/love-alarm/backend/vendor/laravel/framework/src/Illuminate/Database/Migrations/Migrator.php(450): Illuminate/Database/Connection->transaction(Object(Closure))
#11 C:/Users/Arn/Downloads/love-alarm/love-alarm/backend/vendor/laravel/framework/src/Illuminate/Database/Migrations/Migrator.php(253): Illuminate/Database/Migrations/Migrator->runMigration(Object(Illuminate/Database/Migrations/Migration@anonymous), 'up')
#12 C:/Users/Arn/Downloads/love-alarm/love-alarm/backend/vendor/laravel/framework/src/Illuminate/Console/View/Components/Task.php(41): Illuminate/Database/Migrations/Migrator->Illuminate/Database/Migrations/{closure}()
#13 C:/Users/Arn/Downloads/love-alarm/love-alarm/backend/vendor/laravel/framework/src/Illuminate/Database/Migrations/Migrator.php(814): Illuminate/Console/View/Components/Task->render('2024_01_01_0000...', Object(Closure))
#14 C:/Users/Arn/Downloads/love-alarm/love-alarm/backend/vendor/laravel/framework/src/Illuminate/Database/Migrations/Migrator.php(253): Illuminate/Database/Migrations/Migrator->write('Illuminate//Cons...', '2024_01_01_0000...', Object(Closure))
#15 C:/Users/Arn/Downloads/love-alarm/love-alarm/backend/vendor/laravel/framework/src/Illuminate/Database/Migrations/Migrator.php(211): Illuminate/Database/Migrations/Migrator->runUp('C://Users//Arn//Do...', 1, false)
#16 C:/Users/Arn/Downloads/love-alarm/love-alarm/backend/vendor/laravel/framework/src/Illuminate/Database/Migrations/Migrator.php(138): Illuminate/Database/Migrations/Migrator->runPending(Array, Array)
#17 C:/Users/Arn/Downloads/love-alarm/love-alarm/backend/vendor/laravel/framework/src/Illuminate/Database/Console/Migrations/MigrateCommand.php(116): Illuminate/Database/Migrations/Migrator->run(Array, Array)
#18 C:/Users/Arn/Downloads/love-alarm/love-alarm/backend/vendor/laravel/framework/src/Illuminate/Database/Migrations/Migrator.php(671): Illuminate/Database/Console/Migrations/MigrateCommand->Illuminate/Database/Console/Migrations/{closure}()
#19 C:/Users/Arn/Downloads/love-alarm/love-alarm/backend/vendor/laravel/framework/src/Illuminate/Database/Console/Migrations/MigrateCommand.php(109): Illuminate/Database/Migrations/Migrator->usingConnection(NULL, Object(Closure))
#20 C:/Users/Arn/Downloads/love-alarm/love-alarm/backend/vendor/laravel/framework/src/Illuminate/Database/Console/Migrations/MigrateCommand.php(88): Illuminate/Database/Console/Migrations/MigrateCommand->runMigrations()
#21 C:/Users/Arn/Downloads/love-alarm/love-alarm/backend/vendor/laravel/framework/src/Illuminate/Container/BoundMethod.php(36): Illuminate/Database/Console/Migrations/MigrateCommand->handle()
#22 C:/Users/Arn/Downloads/love-alarm/love-alarm/backend/vendor/laravel/framework/src/Illuminate/Container/Util.php(43): Illuminate/Container/BoundMethod::Illuminate/Container/{closure}()
#23 C:/Users/Arn/Downloads/love-alarm/love-alarm/backend/vendor/laravel/framework/src/Illuminate/Container/BoundMethod.php(96): Illuminate/Container/Util::unwrapIfClosure(Object(Closure))
#24 C:/Users/Arn/Downloads/love-alarm/love-alarm/backend/vendor/laravel/framework/src/Illuminate/Container/BoundMethod.php(35): Illuminate/Container/BoundMethod::callBoundMethod(Object(Illuminate/Foundation/Application), Array, Object(Closure))
#25 C:/Users/Arn/Downloads/love-alarm/love-alarm/backend/vendor/laravel/framework/src/Illuminate/Container/Container.php(799): Illuminate/Container/BoundMethod::call(Object(Illuminate/Foundation/Application), Array, Array, NULL)
#26 C:/Users/Arn/Downloads/love-alarm/love-alarm/backend/vendor/laravel/framework/src/Illuminate/Console/Command.php(211): Illuminate/Container/Container->call(Array)
#27 C:/Users/Arn/Downloads/love-alarm/love-alarm/backend/vendor/symfony/console/Command/Command.php(341): Illuminate/Console/Command->execute(Object(Symfony/Component/Console/Input/ArgvInput), Object(Illuminate/Console/OutputStyle))
#28 C:/Users/Arn/Downloads/love-alarm/love-alarm/backend/vendor/laravel/framework/src/Illuminate/Console/Command.php(180): Symfony/Component/Console/Command/Command->run(Object(Symfony/Component/Console/Input/ArgvInput), Object(Illuminate/Console/OutputStyle))
#29 C:/Users/Arn/Downloads/love-alarm/love-alarm/backend/vendor/symfony/console/Application.php(1117): Illuminate/Console/Command->run(Object(Symfony/Component/Console/Input/ArgvInput), Object(Symfony/Component/Console/Output/ConsoleOutput))
#30 C:/Users/Arn/Downloads/love-alarm/love-alarm/backend/vendor/symfony/console/Application.php(356): Symfony/Component/Console/Application->doRunCommand(Object(Illuminate/Database/Console/Migrations/MigrateCommand), Object(Symfony/Component/Console/Input/ArgvInput), Object(Symfony/Component/Console/Output/ConsoleOutput))
#31 C:/Users/Arn/Downloads/love-alarm/love-alarm/backend/vendor/symfony/console/Application.php(195): Symfony/Component/Console/Application->doRun(Object(Symfony/Component/Console/Input/ArgvInput), Object(Symfony/Component/Console/Output/ConsoleOutput))
#32 C:/Users/Arn/Downloads/love-alarm/love-alarm/backend/vendor/laravel/framework/src/Illuminate/Foundation/Console/Kernel.php(198): Symfony/Component/Console/Application->run(Object(Symfony/Component/Console/Input/ArgvInput), Object(Symfony/Component/Console/Output/ConsoleOutput))
#33 C:/Users/Arn/Downloads/love-alarm/love-alarm/backend/vendor/laravel/framework/src/Illuminate/Foundation/Application.php(1235): Illuminate/Foundation/Console/Kernel->handle(Object(Symfony/Component/Console/Input/ArgvInput), Object(Symfony/Component/Console/Output/ConsoleOutput))
#34 C:/Users/Arn/Downloads/love-alarm/love-alarm/backend/artisan(16): Illuminate/Foundation/Application->handleCommand(Object(Symfony/Component/Console/Input/ArgvInput))
#35 {main}

[previous exception] [object] (PDOException(code: 42601): SQLSTATE[42601]: Syntax error: 7 ERROR:  syntax error at or near \",\"
LINE 1: ...dx\" on \"crushes\" ((least(from_user_id, to_user_id), greatest...
                                                             ^ at C:/Users/Arn/Downloads/love-alarm/love-alarm/backend/vendor/laravel/framework/src/Illuminate/Database/Connection.php:584)
[stacktrace]
#0 C:/Users/Arn/Downloads/love-alarm/love-alarm/backend/vendor/laravel/framework/src/Illuminate/Database/Connection.php(584): PDOStatement->execute()
#1 C:/Users/Arn/Downloads/love-alarm/love-alarm/backend/vendor/laravel/framework/src/Illuminate/Database/Connection.php(827): Illuminate/Database/Connection->Illuminate/Database/{closure}('create index \"c...', Array)
#2 C:/Users/Arn/Downloads/love-alarm/love-alarm/backend/vendor/laravel/framework/src/Illuminate/Database/Connection.php(794): Illuminate/Database/Connection->runQueryCallback('create index \"c...', Array, Object(Closure))
#3 C:/Users/Arn/Downloads/love-alarm/love-alarm/backend/vendor/laravel/framework/src/Illuminate/Database/Connection.php(573): Illuminate/Database/Connection->run('create index \"c...', Array, Object(Closure))
#4 C:/Users/Arn/Downloads/love-alarm/love-alarm/backend/vendor/laravel/framework/src/Illuminate/Database/Schema/Blueprint.php(121): Illuminate/Database/Connection->statement('create index \"c...')
#5 C:/Users/Arn/Downloads/love-alarm/love-alarm/backend/vendor/laravel/framework/src/Illuminate/Database/Schema/Builder.php(686): Illuminate/Database/Schema/Blueprint->build()
#6 C:/Users/Arn/Downloads/love-alarm/love-alarm/backend/vendor/laravel/framework/src/Illuminate/Database/Schema/Builder.php(506): Illuminate/Database/Schema/Builder->build(Object(Illuminate/Database/Schema/Blueprint))
#7 C:/Users/Arn/Downloads/love-alarm/love-alarm/backend/vendor/laravel/framework/src/Illuminate/Support/Facades/Facade.php(363): Illuminate/Database/Schema/Builder->create('crushes', Object(Closure))
#8 C:/Users/Arn/Downloads/love-alarm/love-alarm/backend/database/migrations/2024_01_01_000007_create_crushes_table.php(11): Illuminate/Support/Facades/Facade::__callStatic('create', Array)
#9 C:/Users/Arn/Downloads/love-alarm/love-alarm/backend/vendor/laravel/framework/src/Illuminate/Database/Migrations/Migrator.php(517): Illuminate/Database/Migrations/Migration@anonymous->up()
#10 C:/Users/Arn/Downloads/love-alarm/love-alarm/backend/vendor/laravel/framework/src/Illuminate/Database/Migrations/Migrator.php(442): Illuminate/Database/Migrations/Migrator->runMethod(Object(Illuminate/Database/PostgresConnection), Object(Illuminate/Database/Migrations/Migration@anonymous), 'up')
#11 C:/Users/Arn/Downloads/love-alarm/love-alarm/backend/vendor/laravel/framework/src/Illuminate/Database/Concerns/ManagesTransactions.php(35): Illuminate/Database/Migrations/Migrator->Illuminate/Database/Migrations/{closure}(Object(Illuminate/Database/PostgresConnection))
#12 C:/Users/Arn/Downloads/love-alarm/love-alarm/backend/vendor/laravel/framework/src/Illuminate/Database/Migrations/Migrator.php(450): Illuminate/Database/Connection->transaction(Object(Closure))
#13 C:/Users/Arn/Downloads/love-alarm/love-alarm/backend/vendor/laravel/framework/src/Illuminate/Database/Migrations/Migrator.php(253): Illuminate/Database/Migrations/Migrator->runMigration(Object(Illuminate/Database/Migrations/Migration@anonymous), 'up')
#14 C:/Users/Arn/Downloads/love-alarm/love-alarm/backend/vendor/laravel/framework/src/Illuminate/Console/View/Components/Task.php(41): Illuminate/Database/Migrations/Migrator->Illuminate/Database/Migrations/{closure}()
#15 C:/Users/Arn/Downloads/love-alarm/love-alarm/backend/vendor/laravel/framework/src/Illuminate/Database/Migrations/Migrator.php(814): Illuminate/Console/View/Components/Task->render('2024_01_01_0000...', Object(Closure))
#16 C:/Users/Arn/Downloads/love-alarm/love-alarm/backend/vendor/laravel/framework/src/Illuminate/Database/Migrations/Migrator.php(253): Illuminate/Database/Migrations/Migrator->write('Illuminate//Cons...', '2024_01_01_0000...', Object(Closure))
#17 C:/Users/Arn/Downloads/love-alarm/love-alarm/backend/vendor/laravel/framework/src/Illuminate/Database/Migrations/Migrator.php(211): Illuminate/Database/Migrations/Migrator->runUp('C://Users//Arn//Do...', 1, false)
#18 C:/Users/Arn/Downloads/love-alarm/love-alarm/backend/vendor/laravel/framework/src/Illuminate/Database/Migrations/Migrator.php(138): Illuminate/Database/Migrations/Migrator->runPending(Array, Array)
#19 C:/Users/Arn/Downloads/love-alarm/love-alarm/backend/vendor/laravel/framework/src/Illuminate/Database/Console/Migrations/MigrateCommand.php(116): Illuminate/Database/Migrations/Migrator->run(Array, Array)
#20 C:/Users/Arn/Downloads/love-alarm/love-alarm/backend/vendor/laravel/framework/src/Illuminate/Database/Migrations/Migrator.php(671): Illuminate/Database/Console/Migrations/MigrateCommand->Illuminate/Database/Console/Migrations/{closure}()
#21 C:/Users/Arn/Downloads/love-alarm/love-alarm/backend/vendor/laravel/framework/src/Illuminate/Database/Console/Migrations/MigrateCommand.php(109): Illuminate/Database/Migrations/Migrator->usingConnection(NULL, Object(Closure))
#22 C:/Users/Arn/Downloads/love-alarm/love-alarm/backend/vendor/laravel/framework/src/Illuminate/Database/Console/Migrations/MigrateCommand.php(88): Illuminate/Database/Console/Migrations/MigrateCommand->runMigrations()
#23 C:/Users/Arn/Downloads/love-alarm/love-alarm/backend/vendor/laravel/framework/src/Illuminate/Container/BoundMethod.php(36): Illuminate/Database/Console/Migrations/MigrateCommand->handle()
#24 C:/Users/Arn/Downloads/love-alarm/love-alarm/backend/vendor/laravel/framework/src/Illuminate/Container/Util.php(43): Illuminate/Container/BoundMethod::Illuminate/Container/{closure}()
#25 C:/Users/Arn/Downloads/love-alarm/love-alarm/backend/vendor/laravel/framework/src/Illuminate/Container/BoundMethod.php(96): Illuminate/Container/Util::unwrapIfClosure(Object(Closure))
#26 C:/Users/Arn/Downloads/love-alarm/love-alarm/backend/vendor/laravel/framework/src/Illuminate/Container/BoundMethod.php(35): Illuminate/Container/BoundMethod::callBoundMethod(Object(Illuminate/Foundation/Application), Array, Object(Closure))
#27 C:/Users/Arn/Downloads/love-alarm/love-alarm/backend/vendor/laravel/framework/src/Illuminate/Container/Container.php(799): Illuminate/Container/BoundMethod::call(Object(Illuminate/Foundation/Application), Array, Array, NULL)
#28 C:/Users/Arn/Downloads/love-alarm/love-alarm/backend/vendor/laravel/framework/src/Illuminate/Console/Command.php(211): Illuminate/Container/Container->call(Array)
#29 C:/Users/Arn/Downloads/love-alarm/love-alarm/backend/vendor/symfony/console/Command/Command.php(341): Illuminate/Console/Command->execute(Object(Symfony/Component/Console/Input/ArgvInput), Object(Illuminate/Console/OutputStyle))
#30 C:/Users/Arn/Downloads/love-alarm/love-alarm/backend/vendor/laravel/framework/src/Illuminate/Console/Command.php(180): Symfony/Component/Console/Command/Command->run(Object(Symfony/Component/Console/Input/ArgvInput), Object(Illuminate/Console/OutputStyle))
#31 C:/Users/Arn/Downloads/love-alarm/love-alarm/backend/vendor/symfony/console/Application.php(1117): Illuminate/Console/Command->run(Object(Symfony/Component/Console/Input/ArgvInput), Object(Symfony/Component/Console/Output/ConsoleOutput))
#32 C:/Users/Arn/Downloads/love-alarm/love-alarm/backend/vendor/symfony/console/Application.php(356): Symfony/Component/Console/Application->doRunCommand(Object(Illuminate/Database/Console/Migrations/MigrateCommand), Object(Symfony/Component/Console/Input/ArgvInput), Object(Symfony/Component/Console/Output/ConsoleOutput))
#33 C:/Users/Arn/Downloads/love-alarm/love-alarm/backend/vendor/symfony/console/Application.php(195): Symfony/Component/Console/Application->doRun(Object(Symfony/Component/Console/Input/ArgvInput), Object(Symfony/Component/Console/Output/ConsoleOutput))
#34 C:/Users/Arn/Downloads/love-alarm/love-alarm/backend/vendor/laravel/framework/src/Illuminate/Foundation/Console/Kernel.php(198): Symfony/Component/Console/Application->run(Object(Symfony/Component/Console/Input/ArgvInput), Object(Symfony/Component/Console/Output/ConsoleOutput))
#35 C:/Users/Arn/Downloads/love-alarm/love-alarm/backend/vendor/laravel/framework/src/Illuminate/Foundation/Application.php(1235): Illuminate/Foundation/Console/Kernel->handle(Object(Symfony/Component/Console/Input/ArgvInput), Object(Symfony/Component/Console/Output/ConsoleOutput))
#36 C:/Users/Arn/Downloads/love-alarm/love-alarm/backend/artisan(16): Illuminate/Foundation/Application->handleCommand(Object(Symfony/Component/Console/Input/ArgvInput))
#37 {main}
"} 
[2026-08-28 08:16:56] local.ERROR: SQLSTATE[42P01]: Undefined table: 7 ERROR:  relation "crushes" does not exist (Connection: pgsql, Host: 127.0.0.1, Port: 5432, Database: lovealarm, SQL: CREATE INDEX crushes_pair_idx ON crushes (LEAST(from_user_id, to_user_id), GREATEST(from_user_id, to_user_id))) {"exception":"[object] (Illuminate\\Database\\QueryException(code: 42P01): SQLSTATE[42P01]: Undefined table: 7 ERROR:  relation \"crushes\" does not exist (Connection: pgsql, Host: 127.0.0.1, Port: 5432, Database: lovealarm, SQL: CREATE INDEX crushes_pair_idx ON crushes (LEAST(from_user_id, to_user_id), GREATEST(from_user_id, to_user_id))) at C:/Users/Arn/Downloads/love-alarm/love-alarm/backend/vendor/laravel/framework/src/Illuminate/Database/Connection.php:838)
[stacktrace]
#0 C:/Users/Arn/Downloads/love-alarm/love-alarm/backend/vendor/laravel/framework/src/Illuminate/Database/Connection.php(794): Illuminate/Database/Connection->runQueryCallback('CREATE INDEX cr...', Array, Object(Closure))
#1 C:/Users/Arn/Downloads/love-alarm/love-alarm/backend/vendor/laravel/framework/src/Illuminate/Database/Connection.php(573): Illuminate/Database/Connection->run('CREATE INDEX cr...', Array, Object(Closure))
#2 C:/Users/Arn/Downloads/love-alarm/love-alarm/backend/vendor/laravel/framework/src/Illuminate/Database/DatabaseManager.php(491): Illuminate/Database/Connection->statement('CREATE INDEX cr...')
#3 C:/Users/Arn/Downloads/love-alarm/love-alarm/backend/vendor/laravel/framework/src/Illuminate/Support/Facades/Facade.php(363): Illuminate/Database/DatabaseManager->__call('statement', Array)
#4 C:/Users/Arn/Downloads/love-alarm/love-alarm/backend/database/migrations/2024_01_01_000007_create_crushes_table.php(21): Illuminate/Support/Facades/Facade::__callStatic('statement', Array)
#5 C:/Users/Arn/Downloads/love-alarm/love-alarm/backend/vendor/laravel/framework/src/Illuminate/Database/Schema/Builder.php(509): Illuminate/Database/Migrations/Migration@anonymous->{closure}(Object(Illuminate/Database/Schema/Blueprint))
#6 C:/Users/Arn/Downloads/love-alarm/love-alarm/backend/vendor/laravel/framework/src/Illuminate/Support/helpers.php(393): Illuminate/Database/Schema/Builder->Illuminate/Database/Schema/{closure}(Object(Illuminate/Database/Schema/Blueprint))
#7 C:/Users/Arn/Downloads/love-alarm/love-alarm/backend/vendor/laravel/framework/src/Illuminate/Database/Schema/Builder.php(506): tap(Object(Illuminate/Database/Schema/Blueprint), Object(Closure))
#8 C:/Users/Arn/Downloads/love-alarm/love-alarm/backend/vendor/laravel/framework/src/Illuminate/Support/Facades/Facade.php(363): Illuminate/Database/Schema/Builder->create('crushes', Object(Closure))
#9 C:/Users/Arn/Downloads/love-alarm/love-alarm/backend/database/migrations/2024_01_01_000007_create_crushes_table.php(12): Illuminate/Support/Facades/Facade::__callStatic('create', Array)
#10 C:/Users/Arn/Downloads/love-alarm/love-alarm/backend/vendor/laravel/framework/src/Illuminate/Database/Migrations/Migrator.php(517): Illuminate/Database/Migrations/Migration@anonymous->up()
#11 C:/Users/Arn/Downloads/love-alarm/love-alarm/backend/vendor/laravel/framework/src/Illuminate/Database/Migrations/Migrator.php(442): Illuminate/Database/Migrations/Migrator->runMethod(Object(Illuminate/Database/PostgresConnection), Object(Illuminate/Database/Migrations/Migration@anonymous), 'up')
#12 C:/Users/Arn/Downloads/love-alarm/love-alarm/backend/vendor/laravel/framework/src/Illuminate/Database/Concerns/ManagesTransactions.php(35): Illuminate/Database/Migrations/Migrator->Illuminate/Database/Migrations/{closure}(Object(Illuminate/Database/PostgresConnection))
#13 C:/Users/Arn/Downloads/love-alarm/love-alarm/backend/vendor/laravel/framework/src/Illuminate/Database/Migrations/Migrator.php(450): Illuminate/Database/Connection->transaction(Object(Closure))
#14 C:/Users/Arn/Downloads/love-alarm/love-alarm/backend/vendor/laravel/framework/src/Illuminate/Database/Migrations/Migrator.php(253): Illuminate/Database/Migrations/Migrator->runMigration(Object(Illuminate/Database/Migrations/Migration@anonymous), 'up')
#15 C:/Users/Arn/Downloads/love-alarm/love-alarm/backend/vendor/laravel/framework/src/Illuminate/Console/View/Components/Task.php(41): Illuminate/Database/Migrations/Migrator->Illuminate/Database/Migrations/{closure}()
#16 C:/Users/Arn/Downloads/love-alarm/love-alarm/backend/vendor/laravel/framework/src/Illuminate/Database/Migrations/Migrator.php(814): Illuminate/Console/View/Components/Task->render('2024_01_01_0000...', Object(Closure))
#17 C:/Users/Arn/Downloads/love-alarm/love-alarm/backend/vendor/laravel/framework/src/Illuminate/Database/Migrations/Migrator.php(253): Illuminate/Database/Migrations/Migrator->write('Illuminate//Cons...', '2024_01_01_0000...', Object(Closure))
#18 C:/Users/Arn/Downloads/love-alarm/love-alarm/backend/vendor/laravel/framework/src/Illuminate/Database/Migrations/Migrator.php(211): Illuminate/Database/Migrations/Migrator->runUp('C://Users//Arn//Do...', 1, false)
#19 C:/Users/Arn/Downloads/love-alarm/love-alarm/backend/vendor/laravel/framework/src/Illuminate/Database/Migrations/Migrator.php(138): Illuminate/Database/Migrations/Migrator->runPending(Array, Array)
#20 C:/Users/Arn/Downloads/love-alarm/love-alarm/backend/vendor/laravel/framework/src/Illuminate/Database/Console/Migrations/MigrateCommand.php(116): Illuminate/Database/Migrations/Migrator->run(Array, Array)
#21 C:/Users/Arn/Downloads/love-alarm/love-alarm/backend/vendor/laravel/framework/src/Illuminate/Database/Migrations/Migrator.php(671): Illuminate/Database/Console/Migrations/MigrateCommand->Illuminate/Database/Console/Migrations/{closure}()
#22 C:/Users/Arn/Downloads/love-alarm/love-alarm/backend/vendor/laravel/framework/src/Illuminate/Database/Console/Migrations/MigrateCommand.php(109): Illuminate/Database/Migrations/Migrator->usingConnection(NULL, Object(Closure))
#23 C:/Users/Arn/Downloads/love-alarm/love-alarm/backend/vendor/laravel/framework/src/Illuminate/Database/Console/Migrations/MigrateCommand.php(88): Illuminate/Database/Console/Migrations/MigrateCommand->runMigrations()
#24 C:/Users/Arn/Downloads/love-alarm/love-alarm/backend/vendor/laravel/framework/src/Illuminate/Container/BoundMethod.php(36): Illuminate/Database/Console/Migrations/MigrateCommand->handle()
#25 C:/Users/Arn/Downloads/love-alarm/love-alarm/backend/vendor/laravel/framework/src/Illuminate/Container/Util.php(43): Illuminate/Container/BoundMethod::Illuminate/Container/{closure}()
#26 C:/Users/Arn/Downloads/love-alarm/love-alarm/backend/vendor/laravel/framework/src/Illuminate/Container/BoundMethod.php(96): Illuminate/Container/Util::unwrapIfClosure(Object(Closure))
#27 C:/Users/Arn/Downloads/love-alarm/love-alarm/backend/vendor/laravel/framework/src/Illuminate/Container/BoundMethod.php(35): Illuminate/Container/BoundMethod::callBoundMethod(Object(Illuminate/Foundation/Application), Array, Object(Closure))
#28 C:/Users/Arn/Downloads/love-alarm/love-alarm/backend/vendor/laravel/framework/src/Illuminate/Container/Container.php(799): Illuminate/Container/BoundMethod::call(Object(Illuminate/Foundation/Application), Array, Array, NULL)
#29 C:/Users/Arn/Downloads/love-alarm/love-alarm/backend/vendor/laravel/framework/src/Illuminate/Console/Command.php(211): Illuminate/Container/Container->call(Array)
#30 C:/Users/Arn/Downloads/love-alarm/love-alarm/backend/vendor/symfony/console/Command/Command.php(341): Illuminate/Console/Command->execute(Object(Symfony/Component/Console/Input/ArrayInput), Object(Illuminate/Console/OutputStyle))
#31 C:/Users/Arn/Downloads/love-alarm/love-alarm/backend/vendor/laravel/framework/src/Illuminate/Console/Command.php(180): Symfony/Component/Console/Command/Command->run(Object(Symfony/Component/Console/Input/ArrayInput), Object(Illuminate/Console/OutputStyle))
#32 C:/Users/Arn/Downloads/love-alarm/love-alarm/backend/vendor/laravel/framework/src/Illuminate/Console/Concerns/CallsCommands.php(68): Illuminate/Console/Command->run(Object(Symfony/Component/Console/Input/ArrayInput), Object(Illuminate/Console/OutputStyle))
#33 C:/Users/Arn/Downloads/love-alarm/love-alarm/backend/vendor/laravel/framework/src/Illuminate/Console/Concerns/CallsCommands.php(29): Illuminate/Console/Command->runCommand('migrate', Array, Object(Illuminate/Console/OutputStyle))
#34 C:/Users/Arn/Downloads/love-alarm/love-alarm/backend/vendor/laravel/framework/src/Illuminate/Database/Console/Migrations/FreshCommand.php(88): Illuminate/Console/Command->call('migrate', Array)
#35 C:/Users/Arn/Downloads/love-alarm/love-alarm/backend/vendor/laravel/framework/src/Illuminate/Container/BoundMethod.php(36): Illuminate/Database/Console/Migrations/FreshCommand->handle()
#36 C:/Users/Arn/Downloads/love-alarm/love-alarm/backend/vendor/laravel/framework/src/Illuminate/Container/Util.php(43): Illuminate/Container/BoundMethod::Illuminate/Container/{closure}()
#37 C:/Users/Arn/Downloads/love-alarm/love-alarm/backend/vendor/laravel/framework/src/Illuminate/Container/BoundMethod.php(96): Illuminate/Container/Util::unwrapIfClosure(Object(Closure))
#38 C:/Users/Arn/Downloads/love-alarm/love-alarm/backend/vendor/laravel/framework/src/Illuminate/Container/BoundMethod.php(35): Illuminate/Container/BoundMethod::callBoundMethod(Object(Illuminate/Foundation/Application), Array, Object(Closure))
#39 C:/Users/Arn/Downloads/love-alarm/love-alarm/backend/vendor/laravel/framework/src/Illuminate/Container/Container.php(799): Illuminate/Container/BoundMethod::call(Object(Illuminate/Foundation/Application), Array, Array, NULL)
#40 C:/Users/Arn/Downloads/love-alarm/love-alarm/backend/vendor/laravel/framework/src/Illuminate/Console/Command.php(211): Illuminate/Container/Container->call(Array)
#41 C:/Users/Arn/Downloads/love-alarm/love-alarm/backend/vendor/symfony/console/Command/Command.php(341): Illuminate/Console/Command->execute(Object(Symfony/Component/Console/Input/ArgvInput), Object(Illuminate/Console/OutputStyle))
#42 C:/Users/Arn/Downloads/love-alarm/love-alarm/backend/vendor/laravel/framework/src/Illuminate/Console/Command.php(180): Symfony/Component/Console/Command/Command->run(Object(Symfony/Component/Console/Input/ArgvInput), Object(Illuminate/Console/OutputStyle))
#43 C:/Users/Arn/Downloads/love-alarm/love-alarm/backend/vendor/symfony/console/Application.php(1117): Illuminate/Console/Command->run(Object(Symfony/Component/Console/Input/ArgvInput), Object(Symfony/Component/Console/Output/ConsoleOutput))
#44 C:/Users/Arn/Downloads/love-alarm/love-alarm/backend/vendor/symfony/console/Application.php(356): Symfony/Component/Console/Application->doRunCommand(Object(Illuminate/Database/Console/Migrations/FreshCommand), Object(Symfony/Component/Console/Input/ArgvInput), Object(Symfony/Component/Console/Output/ConsoleOutput))
#45 C:/Users/Arn/Downloads/love-alarm/love-alarm/backend/vendor/symfony/console/Application.php(195): Symfony/Component/Console/Application->doRun(Object(Symfony/Component/Console/Input/ArgvInput), Object(Symfony/Component/Console/Output/ConsoleOutput))
#46 C:/Users/Arn/Downloads/love-alarm/love-alarm/backend/vendor/laravel/framework/src/Illuminate/Foundation/Console/Kernel.php(198): Symfony/Component/Console/Application->run(Object(Symfony/Component/Console/Input/ArgvInput), Object(Symfony/Component/Console/Output/ConsoleOutput))
#47 C:/Users/Arn/Downloads/love-alarm/love-alarm/backend/vendor/laravel/framework/src/Illuminate/Foundation/Application.php(1235): Illuminate/Foundation/Console/Kernel->handle(Object(Symfony/Component/Console/Input/ArgvInput), Object(Symfony/Component/Console/Output/ConsoleOutput))
#48 C:/Users/Arn/Downloads/love-alarm/love-alarm/backend/artisan(16): Illuminate/Foundation/Application->handleCommand(Object(Symfony/Component/Console/Input/ArgvInput))
#49 {main}

[previous exception] [object] (PDOException(code: 42P01): SQLSTATE[42P01]: Undefined table: 7 ERROR:  relation \"crushes\" does not exist at C:/Users/Arn/Downloads/love-alarm/love-alarm/backend/vendor/laravel/framework/src/Illuminate/Database/Connection.php:584)
[stacktrace]
#0 C:/Users/Arn/Downloads/love-alarm/love-alarm/backend/vendor/laravel/framework/src/Illuminate/Database/Connection.php(584): PDOStatement->execute()
#1 C:/Users/Arn/Downloads/love-alarm/love-alarm/backend/vendor/laravel/framework/src/Illuminate/Database/Connection.php(827): Illuminate/Database/Connection->Illuminate/Database/{closure}('CREATE INDEX cr...', Array)
#2 C:/Users/Arn/Downloads/love-alarm/love-alarm/backend/vendor/laravel/framework/src/Illuminate/Database/Connection.php(794): Illuminate/Database/Connection->runQueryCallback('CREATE INDEX cr...', Array, Object(Closure))
#3 C:/Users/Arn/Downloads/love-alarm/love-alarm/backend/vendor/laravel/framework/src/Illuminate/Database/Connection.php(573): Illuminate/Database/Connection->run('CREATE INDEX cr...', Array, Object(Closure))
#4 C:/Users/Arn/Downloads/love-alarm/love-alarm/backend/vendor/laravel/framework/src/Illuminate/Database/DatabaseManager.php(491): Illuminate/Database/Connection->statement('CREATE INDEX cr...')
#5 C:/Users/Arn/Downloads/love-alarm/love-alarm/backend/vendor/laravel/framework/src/Illuminate/Support/Facades/Facade.php(363): Illuminate/Database/DatabaseManager->__call('statement', Array)
#6 C:/Users/Arn/Downloads/love-alarm/love-alarm/backend/database/migrations/2024_01_01_000007_create_crushes_table.php(21): Illuminate/Support/Facades/Facade::__callStatic('statement', Array)
#7 C:/Users/Arn/Downloads/love-alarm/love-alarm/backend/vendor/laravel/framework/src/Illuminate/Database/Schema/Builder.php(509): Illuminate/Database/Migrations/Migration@anonymous->{closure}(Object(Illuminate/Database/Schema/Blueprint))
#8 C:/Users/Arn/Downloads/love-alarm/love-alarm/backend/vendor/laravel/framework/src/Illuminate/Support/helpers.php(393): Illuminate/Database/Schema/Builder->Illuminate/Database/Schema/{closure}(Object(Illuminate/Database/Schema/Blueprint))
#9 C:/Users/Arn/Downloads/love-alarm/love-alarm/backend/vendor/laravel/framework/src/Illuminate/Database/Schema/Builder.php(506): tap(Object(Illuminate/Database/Schema/Blueprint), Object(Closure))
#10 C:/Users/Arn/Downloads/love-alarm/love-alarm/backend/vendor/laravel/framework/src/Illuminate/Support/Facades/Facade.php(363): Illuminate/Database/Schema/Builder->create('crushes', Object(Closure))
#11 C:/Users/Arn/Downloads/love-alarm/love-alarm/backend/database/migrations/2024_01_01_000007_create_crushes_table.php(12): Illuminate/Support/Facades/Facade::__callStatic('create', Array)
#12 C:/Users/Arn/Downloads/love-alarm/love-alarm/backend/vendor/laravel/framework/src/Illuminate/Database/Migrations/Migrator.php(517): Illuminate/Database/Migrations/Migration@anonymous->up()
#13 C:/Users/Arn/Downloads/love-alarm/love-alarm/backend/vendor/laravel/framework/src/Illuminate/Database/Migrations/Migrator.php(442): Illuminate/Database/Migrations/Migrator->runMethod(Object(Illuminate/Database/PostgresConnection), Object(Illuminate/Database/Migrations/Migration@anonymous), 'up')
#14 C:/Users/Arn/Downloads/love-alarm/love-alarm/backend/vendor/laravel/framework/src/Illuminate/Database/Concerns/ManagesTransactions.php(35): Illuminate/Database/Migrations/Migrator->Illuminate/Database/Migrations/{closure}(Object(Illuminate/Database/PostgresConnection))
#15 C:/Users/Arn/Downloads/love-alarm/love-alarm/backend/vendor/laravel/framework/src/Illuminate/Database/Migrations/Migrator.php(450): Illuminate/Database/Connection->transaction(Object(Closure))
#16 C:/Users/Arn/Downloads/love-alarm/love-alarm/backend/vendor/laravel/framework/src/Illuminate/Database/Migrations/Migrator.php(253): Illuminate/Database/Migrations/Migrator->runMigration(Object(Illuminate/Database/Migrations/Migration@anonymous), 'up')
#17 C:/Users/Arn/Downloads/love-alarm/love-alarm/backend/vendor/laravel/framework/src/Illuminate/Console/View/Components/Task.php(41): Illuminate/Database/Migrations/Migrator->Illuminate/Database/Migrations/{closure}()
#18 C:/Users/Arn/Downloads/love-alarm/love-alarm/backend/vendor/laravel/framework/src/Illuminate/Database/Migrations/Migrator.php(814): Illuminate/Console/View/Components/Task->render('2024_01_01_0000...', Object(Closure))
#19 C:/Users/Arn/Downloads/love-alarm/love-alarm/backend/vendor/laravel/framework/src/Illuminate/Database/Migrations/Migrator.php(253): Illuminate/Database/Migrations/Migrator->write('Illuminate//Cons...', '2024_01_01_0000...', Object(Closure))
#20 C:/Users/Arn/Downloads/love-alarm/love-alarm/backend/vendor/laravel/framework/src/Illuminate/Database/Migrations/Migrator.php(211): Illuminate/Database/Migrations/Migrator->runUp('C://Users//Arn//Do...', 1, false)
#21 C:/Users/Arn/Downloads/love-alarm/love-alarm/backend/vendor/laravel/framework/src/Illuminate/Database/Migrations/Migrator.php(138): Illuminate/Database/Migrations/Migrator->runPending(Array, Array)
#22 C:/Users/Arn/Downloads/love-alarm/love-alarm/backend/vendor/laravel/framework/src/Illuminate/Database/Console/Migrations/MigrateCommand.php(116): Illuminate/Database/Migrations/Migrator->run(Array, Array)
#23 C:/Users/Arn/Downloads/love-alarm/love-alarm/backend/vendor/laravel/framework/src/Illuminate/Database/Migrations/Migrator.php(671): Illuminate/Database/Console/Migrations/MigrateCommand->Illuminate/Database/Console/Migrations/{closure}()
#24 C:/Users/Arn/Downloads/love-alarm/love-alarm/backend/vendor/laravel/framework/src/Illuminate/Database/Console/Migrations/MigrateCommand.php(109): Illuminate/Database/Migrations/Migrator->usingConnection(NULL, Object(Closure))
#25 C:/Users/Arn/Downloads/love-alarm/love-alarm/backend/vendor/laravel/framework/src/Illuminate/Database/Console/Migrations/MigrateCommand.php(88): Illuminate/Database/Console/Migrations/MigrateCommand->runMigrations()
#26 C:/Users/Arn/Downloads/love-alarm/love-alarm/backend/vendor/laravel/framework/src/Illuminate/Container/BoundMethod.php(36): Illuminate/Database/Console/Migrations/MigrateCommand->handle()
#27 C:/Users/Arn/Downloads/love-alarm/love-alarm/backend/vendor/laravel/framework/src/Illuminate/Container/Util.php(43): Illuminate/Container/BoundMethod::Illuminate/Container/{closure}()
#28 C:/Users/Arn/Downloads/love-alarm/love-alarm/backend/vendor/laravel/framework/src/Illuminate/Container/BoundMethod.php(96): Illuminate/Container/Util::unwrapIfClosure(Object(Closure))
#29 C:/Users/Arn/Downloads/love-alarm/love-alarm/backend/vendor/laravel/framework/src/Illuminate/Container/BoundMethod.php(35): Illuminate/Container/BoundMethod::callBoundMethod(Object(Illuminate/Foundation/Application), Array, Object(Closure))
#30 C:/Users/Arn/Downloads/love-alarm/love-alarm/backend/vendor/laravel/framework/src/Illuminate/Container/Container.php(799): Illuminate/Container/BoundMethod::call(Object(Illuminate/Foundation/Application), Array, Array, NULL)
#31 C:/Users/Arn/Downloads/love-alarm/love-alarm/backend/vendor/laravel/framework/src/Illuminate/Console/Command.php(211): Illuminate/Container/Container->call(Array)
#32 C:/Users/Arn/Downloads/love-alarm/love-alarm/backend/vendor/symfony/console/Command/Command.php(341): Illuminate/Console/Command->execute(Object(Symfony/Component/Console/Input/ArrayInput), Object(Illuminate/Console/OutputStyle))
#33 C:/Users/Arn/Downloads/love-alarm/love-alarm/backend/vendor/laravel/framework/src/Illuminate/Console/Command.php(180): Symfony/Component/Console/Command/Command->run(Object(Symfony/Component/Console/Input/ArrayInput), Object(Illuminate/Console/OutputStyle))
#34 C:/Users/Arn/Downloads/love-alarm/love-alarm/backend/vendor/laravel/framework/src/Illuminate/Console/Concerns/CallsCommands.php(68): Illuminate/Console/Command->run(Object(Symfony/Component/Console/Input/ArrayInput), Object(Illuminate/Console/OutputStyle))
#35 C:/Users/Arn/Downloads/love-alarm/love-alarm/backend/vendor/laravel/framework/src/Illuminate/Console/Concerns/CallsCommands.php(29): Illuminate/Console/Command->runCommand('migrate', Array, Object(Illuminate/Console/OutputStyle))
#36 C:/Users/Arn/Downloads/love-alarm/love-alarm/backend/vendor/laravel/framework/src/Illuminate/Database/Console/Migrations/FreshCommand.php(88): Illuminate/Console/Command->call('migrate', Array)
#37 C:/Users/Arn/Downloads/love-alarm/love-alarm/backend/vendor/laravel/framework/src/Illuminate/Container/BoundMethod.php(36): Illuminate/Database/Console/Migrations/FreshCommand->handle()
#38 C:/Users/Arn/Downloads/love-alarm/love-alarm/backend/vendor/laravel/framework/src/Illuminate/Container/Util.php(43): Illuminate/Container/BoundMethod::Illuminate/Container/{closure}()
#39 C:/Users/Arn/Downloads/love-alarm/love-alarm/backend/vendor/laravel/framework/src/Illuminate/Container/BoundMethod.php(96): Illuminate/Container/Util::unwrapIfClosure(Object(Closure))
#40 C:/Users/Arn/Downloads/love-alarm/love-alarm/backend/vendor/laravel/framework/src/Illuminate/Container/BoundMethod.php(35): Illuminate/Container/BoundMethod::callBoundMethod(Object(Illuminate/Foundation/Application), Array, Object(Closure))
#41 C:/Users/Arn/Downloads/love-alarm/love-alarm/backend/vendor/laravel/framework/src/Illuminate/Container/Container.php(799): Illuminate/Container/BoundMethod::call(Object(Illuminate/Foundation/Application), Array, Array, NULL)
#42 C:/Users/Arn/Downloads/love-alarm/love-alarm/backend/vendor/laravel/framework/src/Illuminate/Console/Command.php(211): Illuminate/Container/Container->call(Array)
#43 C:/Users/Arn/Downloads/love-alarm/love-alarm/backend/vendor/symfony/console/Command/Command.php(341): Illuminate/Console/Command->execute(Object(Symfony/Component/Console/Input/ArgvInput), Object(Illuminate/Console/OutputStyle))
#44 C:/Users/Arn/Downloads/love-alarm/love-alarm/backend/vendor/laravel/framework/src/Illuminate/Console/Command.php(180): Symfony/Component/Console/Command/Command->run(Object(Symfony/Component/Console/Input/ArgvInput), Object(Illuminate/Console/OutputStyle))
#45 C:/Users/Arn/Downloads/love-alarm/love-alarm/backend/vendor/symfony/console/Application.php(1117): Illuminate/Console/Command->run(Object(Symfony/Component/Console/Input/ArgvInput), Object(Symfony/Component/Console/Output/ConsoleOutput))
#46 C:/Users/Arn/Downloads/love-alarm/love-alarm/backend/vendor/symfony/console/Application.php(356): Symfony/Component/Console/Application->doRunCommand(Object(Illuminate/Database/Console/Migrations/FreshCommand), Object(Symfony/Component/Console/Input/ArgvInput), Object(Symfony/Component/Console/Output/ConsoleOutput))
#47 C:/Users/Arn/Downloads/love-alarm/love-alarm/backend/vendor/symfony/console/Application.php(195): Symfony/Component/Console/Application->doRun(Object(Symfony/Component/Console/Input/ArgvInput), Object(Symfony/Component/Console/Output/ConsoleOutput))
#48 C:/Users/Arn/Downloads/love-alarm/love-alarm/backend/vendor/laravel/framework/src/Illuminate/Foundation/Console/Kernel.php(198): Symfony/Component/Console/Application->run(Object(Symfony/Component/Console/Input/ArgvInput), Object(Symfony/Component/Console/Output/ConsoleOutput))
#49 C:/Users/Arn/Downloads/love-alarm/love-alarm/backend/vendor/laravel/framework/src/Illuminate/Foundation/Application.php(1235): Illuminate/Foundation/Console/Kernel->handle(Object(Symfony/Component/Console/Input/ArgvInput), Object(Symfony/Component/Console/Output/ConsoleOutput))
#50 C:/Users/Arn/Downloads/love-alarm/love-alarm/backend/artisan(16): Illuminate/Foundation/Application->handleCommand(Object(Symfony/Component/Console/Input/ArgvInput))
#51 {main}
"} 
[2026-08-28 08:18:20] local.ERROR: Call to undefined method App\Models\User::userSetting() {"exception":"[object] (BadMethodCallException(code: 0): Call to undefined method App\\Models\\User::userSetting() at C:/Users/Arn/Downloads/love-alarm/love-alarm/backend/vendor/laravel/framework/src/Illuminate/Support/Traits/ForwardsCalls.php:67)
[stacktrace]
#0 C:/Users/Arn/Downloads/love-alarm/love-alarm/backend/vendor/laravel/framework/src/Illuminate/Support/Traits/ForwardsCalls.php(36): Illuminate/Database/Eloquent/Model::throwBadMethodCallException('userSetting')
#1 C:/Users/Arn/Downloads/love-alarm/love-alarm/backend/vendor/laravel/framework/src/Illuminate/Database/Eloquent/Model.php(2544): Illuminate/Database/Eloquent/Model->forwardCallTo(Object(Illuminate/Database/Eloquent/Builder), 'userSetting', Array)
#2 C:/Users/Arn/Downloads/love-alarm/love-alarm/backend/vendor/laravel/framework/src/Illuminate/Database/Eloquent/Factories/Relationship.php(46): Illuminate/Database/Eloquent/Model->__call('userSetting', Array)
#3 C:/Users/Arn/Downloads/love-alarm/love-alarm/backend/vendor/laravel/framework/src/Illuminate/Database/Eloquent/Factories/Factory.php(392): Illuminate/Database/Eloquent/Factories/Relationship->createFor(Object(App/Models/User))
#4 C:/Users/Arn/Downloads/love-alarm/love-alarm/backend/vendor/laravel/framework/src/Illuminate/Collections/Traits/EnumeratesValues.php(275): Illuminate/Database/Eloquent/Factories/Factory->Illuminate/Database/Eloquent/Factories/{closure}(Object(Illuminate/Database/Eloquent/Factories/Relationship), 1)
#5 C:/Users/Arn/Downloads/love-alarm/love-alarm/backend/vendor/laravel/framework/src/Illuminate/Database/Eloquent/Factories/Factory.php(391): Illuminate/Support/Collection->each(Object(Closure))
#6 C:/Users/Arn/Downloads/love-alarm/love-alarm/backend/vendor/laravel/framework/src/Illuminate/Database/Eloquent/Concerns/GuardsAttributes.php(151): Illuminate/Database/Eloquent/Factories/Factory->Illuminate/Database/Eloquent/Factories/{closure}()
#7 C:/Users/Arn/Downloads/love-alarm/love-alarm/backend/vendor/laravel/framework/src/Illuminate/Database/Eloquent/Factories/Factory.php(390): Illuminate/Database/Eloquent/Model::unguarded(Object(Closure))
#8 C:/Users/Arn/Downloads/love-alarm/love-alarm/backend/vendor/laravel/framework/src/Illuminate/Database/Eloquent/Factories/Factory.php(378): Illuminate/Database/Eloquent/Factories/Factory->createChildren(Object(App/Models/User))
#9 C:/Users/Arn/Downloads/love-alarm/love-alarm/backend/vendor/laravel/framework/src/Illuminate/Collections/Traits/EnumeratesValues.php(275): Illuminate/Database/Eloquent/Factories/Factory->Illuminate/Database/Eloquent/Factories/{closure}(Object(App/Models/User), 0)
#10 C:/Users/Arn/Downloads/love-alarm/love-alarm/backend/vendor/laravel/framework/src/Illuminate/Database/Eloquent/Factories/Factory.php(365): Illuminate/Support/Collection->each(Object(Closure))
#11 C:/Users/Arn/Downloads/love-alarm/love-alarm/backend/vendor/laravel/framework/src/Illuminate/Database/Eloquent/Factories/Factory.php(325): Illuminate/Database/Eloquent/Factories/Factory->store(Object(Illuminate/Database/Eloquent/Collection))
#12 C:/Users/Arn/Downloads/love-alarm/love-alarm/backend/database/seeders/UserSeeder.php(72): Illuminate/Database/Eloquent/Factories/Factory->create()
#13 C:/Users/Arn/Downloads/love-alarm/love-alarm/backend/vendor/laravel/framework/src/Illuminate/Container/BoundMethod.php(36): Database/Seeders/UserSeeder->run()
#14 C:/Users/Arn/Downloads/love-alarm/love-alarm/backend/vendor/laravel/framework/src/Illuminate/Container/Util.php(43): Illuminate/Container/BoundMethod::Illuminate/Container/{closure}()
#15 C:/Users/Arn/Downloads/love-alarm/love-alarm/backend/vendor/laravel/framework/src/Illuminate/Container/BoundMethod.php(96): Illuminate/Container/Util::unwrapIfClosure(Object(Closure))
#16 C:/Users/Arn/Downloads/love-alarm/love-alarm/backend/vendor/laravel/framework/src/Illuminate/Container/BoundMethod.php(35): Illuminate/Container/BoundMethod::callBoundMethod(Object(Illuminate/Foundation/Application), Array, Object(Closure))
#17 C:/Users/Arn/Downloads/love-alarm/love-alarm/backend/vendor/laravel/framework/src/Illuminate/Container/Container.php(799): Illuminate/Container/BoundMethod::call(Object(Illuminate/Foundation/Application), Array, Array, NULL)
#18 C:/Users/Arn/Downloads/love-alarm/love-alarm/backend/vendor/laravel/framework/src/Illuminate/Database/Seeder.php(184): Illuminate/Container/Container->call(Array, Array)
#19 C:/Users/Arn/Downloads/love-alarm/love-alarm/backend/vendor/laravel/framework/src/Illuminate/Database/Seeder.php(193): Illuminate/Database/Seeder->Illuminate/Database/{closure}()
#20 C:/Users/Arn/Downloads/love-alarm/love-alarm/backend/vendor/laravel/framework/src/Illuminate/Database/Seeder.php(59): Illuminate/Database/Seeder->__invoke(Array)
#21 C:/Users/Arn/Downloads/love-alarm/love-alarm/backend/database/seeders/DatabaseSeeder.php(11): Illuminate/Database/Seeder->call('Database//Seeder...')
#22 C:/Users/Arn/Downloads/love-alarm/love-alarm/backend/vendor/laravel/framework/src/Illuminate/Container/BoundMethod.php(36): Database/Seeders/DatabaseSeeder->run()
#23 C:/Users/Arn/Downloads/love-alarm/love-alarm/backend/vendor/laravel/framework/src/Illuminate/Container/Util.php(43): Illuminate/Container/BoundMethod::Illuminate/Container/{closure}()
#24 C:/Users/Arn/Downloads/love-alarm/love-alarm/backend/vendor/laravel/framework/src/Illuminate/Container/BoundMethod.php(96): Illuminate/Container/Util::unwrapIfClosure(Object(Closure))
#25 C:/Users/Arn/Downloads/love-alarm/love-alarm/backend/vendor/laravel/framework/src/Illuminate/Container/BoundMethod.php(35): Illuminate/Container/BoundMethod::callBoundMethod(Object(Illuminate/Foundation/Application), Array, Object(Closure))
#26 C:/Users/Arn/Downloads/love-alarm/love-alarm/backend/vendor/laravel/framework/src/Illuminate/Container/Container.php(799): Illuminate/Container/BoundMethod::call(Object(Illuminate/Foundation/Application), Array, Array, NULL)
#27 C:/Users/Arn/Downloads/love-alarm/love-alarm/backend/vendor/laravel/framework/src/Illuminate/Database/Seeder.php(184): Illuminate/Container/Container->call(Array, Array)
#28 C:/Users/Arn/Downloads/love-alarm/love-alarm/backend/vendor/laravel/framework/src/Illuminate/Database/Seeder.php(193): Illuminate/Database/Seeder->Illuminate/Database/{closure}()
#29 C:/Users/Arn/Downloads/love-alarm/love-alarm/backend/vendor/laravel/framework/src/Illuminate/Database/Console/Seeds/SeedCommand.php(71): Illuminate/Database/Seeder->__invoke()
#30 C:/Users/Arn/Downloads/love-alarm/love-alarm/backend/vendor/laravel/framework/src/Illuminate/Database/Eloquent/Concerns/GuardsAttributes.php(157): Illuminate/Database/Console/Seeds/SeedCommand->Illuminate/Database/Console/Seeds/{closure}()
#31 C:/Users/Arn/Downloads/love-alarm/love-alarm/backend/vendor/laravel/framework/src/Illuminate/Database/Console/Seeds/SeedCommand.php(70): Illuminate/Database/Eloquent/Model::unguarded(Object(Closure))
#32 C:/Users/Arn/Downloads/love-alarm/love-alarm/backend/vendor/laravel/framework/src/Illuminate/Container/BoundMethod.php(36): Illuminate/Database/Console/Seeds/SeedCommand->handle()
#33 C:/Users/Arn/Downloads/love-alarm/love-alarm/backend/vendor/laravel/framework/src/Illuminate/Container/Util.php(43): Illuminate/Container/BoundMethod::Illuminate/Container/{closure}()
#34 C:/Users/Arn/Downloads/love-alarm/love-alarm/backend/vendor/laravel/framework/src/Illuminate/Container/BoundMethod.php(96): Illuminate/Container/Util::unwrapIfClosure(Object(Closure))
#35 C:/Users/Arn/Downloads/love-alarm/love-alarm/backend/vendor/laravel/framework/src/Illuminate/Container/BoundMethod.php(35): Illuminate/Container/BoundMethod::callBoundMethod(Object(Illuminate/Foundation/Application), Array, Object(Closure))
#36 C:/Users/Arn/Downloads/love-alarm/love-alarm/backend/vendor/laravel/framework/src/Illuminate/Container/Container.php(799): Illuminate/Container/BoundMethod::call(Object(Illuminate/Foundation/Application), Array, Array, NULL)
#37 C:/Users/Arn/Downloads/love-alarm/love-alarm/backend/vendor/laravel/framework/src/Illuminate/Console/Command.php(211): Illuminate/Container/Container->call(Array)
#38 C:/Users/Arn/Downloads/love-alarm/love-alarm/backend/vendor/symfony/console/Command/Command.php(341): Illuminate/Console/Command->execute(Object(Symfony/Component/Console/Input/ArrayInput), Object(Illuminate/Console/OutputStyle))
#39 C:/Users/Arn/Downloads/love-alarm/love-alarm/backend/vendor/laravel/framework/src/Illuminate/Console/Command.php(180): Symfony/Component/Console/Command/Command->run(Object(Symfony/Component/Console/Input/ArrayInput), Object(Illuminate/Console/OutputStyle))
#40 C:/Users/Arn/Downloads/love-alarm/love-alarm/backend/vendor/laravel/framework/src/Illuminate/Console/Concerns/CallsCommands.php(68): Illuminate/Console/Command->run(Object(Symfony/Component/Console/Input/ArrayInput), Object(Illuminate/Console/OutputStyle))
#41 C:/Users/Arn/Downloads/love-alarm/love-alarm/backend/vendor/laravel/framework/src/Illuminate/Console/Concerns/CallsCommands.php(29): Illuminate/Console/Command->runCommand('db:seed', Array, Object(Illuminate/Console/OutputStyle))
#42 C:/Users/Arn/Downloads/love-alarm/love-alarm/backend/vendor/laravel/framework/src/Illuminate/Database/Console/Migrations/FreshCommand.php(128): Illuminate/Console/Command->call('db:seed', Array)
#43 C:/Users/Arn/Downloads/love-alarm/love-alarm/backend/vendor/laravel/framework/src/Illuminate/Database/Console/Migrations/FreshCommand.php(104): Illuminate/Database/Console/Migrations/FreshCommand->runSeeder(NULL)
#44 C:/Users/Arn/Downloads/love-alarm/love-alarm/backend/vendor/laravel/framework/src/Illuminate/Container/BoundMethod.php(36): Illuminate/Database/Console/Migrations/FreshCommand->handle()
#45 C:/Users/Arn/Downloads/love-alarm/love-alarm/backend/vendor/laravel/framework/src/Illuminate/Container/Util.php(43): Illuminate/Container/BoundMethod::Illuminate/Container/{closure}()
#46 C:/Users/Arn/Downloads/love-alarm/love-alarm/backend/vendor/laravel/framework/src/Illuminate/Container/BoundMethod.php(96): Illuminate/Container/Util::unwrapIfClosure(Object(Closure))
#47 C:/Users/Arn/Downloads/love-alarm/love-alarm/backend/vendor/laravel/framework/src/Illuminate/Container/BoundMethod.php(35): Illuminate/Container/BoundMethod::callBoundMethod(Object(Illuminate/Foundation/Application), Array, Object(Closure))
#48 C:/Users/Arn/Downloads/love-alarm/love-alarm/backend/vendor/laravel/framework/src/Illuminate/Container/Container.php(799): Illuminate/Container/BoundMethod::call(Object(Illuminate/Foundation/Application), Array, Array, NULL)
#49 C:/Users/Arn/Downloads/love-alarm/love-alarm/backend/vendor/laravel/framework/src/Illuminate/Console/Command.php(211): Illuminate/Container/Container->call(Array)
#50 C:/Users/Arn/Downloads/love-alarm/love-alarm/backend/vendor/symfony/console/Command/Command.php(341): Illuminate/Console/Command->execute(Object(Symfony/Component/Console/Input/ArgvInput), Object(Illuminate/Console/OutputStyle))
#51 C:/Users/Arn/Downloads/love-alarm/love-alarm/backend/vendor/laravel/framework/src/Illuminate/Console/Command.php(180): Symfony/Component/Console/Command/Command->run(Object(Symfony/Component/Console/Input/ArgvInput), Object(Illuminate/Console/OutputStyle))
#52 C:/Users/Arn/Downloads/love-alarm/love-alarm/backend/vendor/symfony/console/Application.php(1117): Illuminate/Console/Command->run(Object(Symfony/Component/Console/Input/ArgvInput), Object(Symfony/Component/Console/Output/ConsoleOutput))
#53 C:/Users/Arn/Downloads/love-alarm/love-alarm/backend/vendor/symfony/console/Application.php(356): Symfony/Component/Console/Application->doRunCommand(Object(Illuminate/Database/Console/Migrations/FreshCommand), Object(Symfony/Component/Console/Input/ArgvInput), Object(Symfony/Component/Console/Output/ConsoleOutput))
#54 C:/Users/Arn/Downloads/love-alarm/love-alarm/backend/vendor/symfony/console/Application.php(195): Symfony/Component/Console/Application->doRun(Object(Symfony/Component/Console/Input/ArgvInput), Object(Symfony/Component/Console/Output/ConsoleOutput))
#55 C:/Users/Arn/Downloads/love-alarm/love-alarm/backend/vendor/laravel/framework/src/Illuminate/Foundation/Console/Kernel.php(198): Symfony/Component/Console/Application->run(Object(Symfony/Component/Console/Input/ArgvInput), Object(Symfony/Component/Console/Output/ConsoleOutput))
#56 C:/Users/Arn/Downloads/love-alarm/love-alarm/backend/vendor/laravel/framework/src/Illuminate/Foundation/Application.php(1235): Illuminate/Foundation/Console/Kernel->handle(Object(Symfony/Component/Console/Input/ArgvInput), Object(Symfony/Component/Console/Output/ConsoleOutput))
#57 C:/Users/Arn/Downloads/love-alarm/love-alarm/backend/artisan(16): Illuminate/Foundation/Application->handleCommand(Object(Symfony/Component/Console/Input/ArgvInput))
#58 {main}
"} 
[2026-08-28 08:20:49] local.ERROR: Call to undefined method App\Models\User::userSetting() {"exception":"[object] (BadMethodCallException(code: 0): Call to undefined method App\\Models\\User::userSetting() at C:/Users/Arn/Downloads/love-alarm/love-alarm/backend/vendor/laravel/framework/src/Illuminate/Support/Traits/ForwardsCalls.php:67)
[stacktrace]
#0 C:/Users/Arn/Downloads/love-alarm/love-alarm/backend/vendor/laravel/framework/src/Illuminate/Support/Traits/ForwardsCalls.php(36): Illuminate/Database/Eloquent/Model::throwBadMethodCallException('userSetting')
#1 C:/Users/Arn/Downloads/love-alarm/love-alarm/backend/vendor/laravel/framework/src/Illuminate/Database/Eloquent/Model.php(2544): Illuminate/Database/Eloquent/Model->forwardCallTo(Object(Illuminate/Database/Eloquent/Builder), 'userSetting', Array)
#2 C:/Users/Arn/Downloads/love-alarm/love-alarm/backend/vendor/laravel/framework/src/Illuminate/Database/Eloquent/Factories/Relationship.php(46): Illuminate/Database/Eloquent/Model->__call('userSetting', Array)
#3 C:/Users/Arn/Downloads/love-alarm/love-alarm/backend/vendor/laravel/framework/src/Illuminate/Database/Eloquent/Factories/Factory.php(392): Illuminate/Database/Eloquent/Factories/Relationship->createFor(Object(App/Models/User))
#4 C:/Users/Arn/Downloads/love-alarm/love-alarm/backend/vendor/laravel/framework/src/Illuminate/Collections/Traits/EnumeratesValues.php(275): Illuminate/Database/Eloquent/Factories/Factory->Illuminate/Database/Eloquent/Factories/{closure}(Object(Illuminate/Database/Eloquent/Factories/Relationship), 1)
#5 C:/Users/Arn/Downloads/love-alarm/love-alarm/backend/vendor/laravel/framework/src/Illuminate/Database/Eloquent/Factories/Factory.php(391): Illuminate/Support/Collection->each(Object(Closure))
#6 C:/Users/Arn/Downloads/love-alarm/love-alarm/backend/vendor/laravel/framework/src/Illuminate/Database/Eloquent/Concerns/GuardsAttributes.php(151): Illuminate/Database/Eloquent/Factories/Factory->Illuminate/Database/Eloquent/Factories/{closure}()
#7 C:/Users/Arn/Downloads/love-alarm/love-alarm/backend/vendor/laravel/framework/src/Illuminate/Database/Eloquent/Factories/Factory.php(390): Illuminate/Database/Eloquent/Model::unguarded(Object(Closure))
#8 C:/Users/Arn/Downloads/love-alarm/love-alarm/backend/vendor/laravel/framework/src/Illuminate/Database/Eloquent/Factories/Factory.php(378): Illuminate/Database/Eloquent/Factories/Factory->createChildren(Object(App/Models/User))
#9 C:/Users/Arn/Downloads/love-alarm/love-alarm/backend/vendor/laravel/framework/src/Illuminate/Collections/Traits/EnumeratesValues.php(275): Illuminate/Database/Eloquent/Factories/Factory->Illuminate/Database/Eloquent/Factories/{closure}(Object(App/Models/User), 0)
#10 C:/Users/Arn/Downloads/love-alarm/love-alarm/backend/vendor/laravel/framework/src/Illuminate/Database/Eloquent/Factories/Factory.php(365): Illuminate/Support/Collection->each(Object(Closure))
#11 C:/Users/Arn/Downloads/love-alarm/love-alarm/backend/vendor/laravel/framework/src/Illuminate/Database/Eloquent/Factories/Factory.php(325): Illuminate/Database/Eloquent/Factories/Factory->store(Object(Illuminate/Database/Eloquent/Collection))
#12 C:/Users/Arn/Downloads/love-alarm/love-alarm/backend/database/seeders/UserSeeder.php(72): Illuminate/Database/Eloquent/Factories/Factory->create()
#13 C:/Users/Arn/Downloads/love-alarm/love-alarm/backend/vendor/laravel/framework/src/Illuminate/Container/BoundMethod.php(36): Database/Seeders/UserSeeder->run()
#14 C:/Users/Arn/Downloads/love-alarm/love-alarm/backend/vendor/laravel/framework/src/Illuminate/Container/Util.php(43): Illuminate/Container/BoundMethod::Illuminate/Container/{closure}()
#15 C:/Users/Arn/Downloads/love-alarm/love-alarm/backend/vendor/laravel/framework/src/Illuminate/Container/BoundMethod.php(96): Illuminate/Container/Util::unwrapIfClosure(Object(Closure))
#16 C:/Users/Arn/Downloads/love-alarm/love-alarm/backend/vendor/laravel/framework/src/Illuminate/Container/BoundMethod.php(35): Illuminate/Container/BoundMethod::callBoundMethod(Object(Illuminate/Foundation/Application), Array, Object(Closure))
#17 C:/Users/Arn/Downloads/love-alarm/love-alarm/backend/vendor/laravel/framework/src/Illuminate/Container/Container.php(799): Illuminate/Container/BoundMethod::call(Object(Illuminate/Foundation/Application), Array, Array, NULL)
#18 C:/Users/Arn/Downloads/love-alarm/love-alarm/backend/vendor/laravel/framework/src/Illuminate/Database/Seeder.php(184): Illuminate/Container/Container->call(Array, Array)
#19 C:/Users/Arn/Downloads/love-alarm/love-alarm/backend/vendor/laravel/framework/src/Illuminate/Database/Seeder.php(193): Illuminate/Database/Seeder->Illuminate/Database/{closure}()
#20 C:/Users/Arn/Downloads/love-alarm/love-alarm/backend/vendor/laravel/framework/src/Illuminate/Database/Seeder.php(59): Illuminate/Database/Seeder->__invoke(Array)
#21 C:/Users/Arn/Downloads/love-alarm/love-alarm/backend/database/seeders/DatabaseSeeder.php(11): Illuminate/Database/Seeder->call('Database//Seeder...')
#22 C:/Users/Arn/Downloads/love-alarm/love-alarm/backend/vendor/laravel/framework/src/Illuminate/Container/BoundMethod.php(36): Database/Seeders/DatabaseSeeder->run()
#23 C:/Users/Arn/Downloads/love-alarm/love-alarm/backend/vendor/laravel/framework/src/Illuminate/Container/Util.php(43): Illuminate/Container/BoundMethod::Illuminate/Container/{closure}()
#24 C:/Users/Arn/Downloads/love-alarm/love-alarm/backend/vendor/laravel/framework/src/Illuminate/Container/BoundMethod.php(96): Illuminate/Container/Util::unwrapIfClosure(Object(Closure))
#25 C:/Users/Arn/Downloads/love-alarm/love-alarm/backend/vendor/laravel/framework/src/Illuminate/Container/BoundMethod.php(35): Illuminate/Container/BoundMethod::callBoundMethod(Object(Illuminate/Foundation/Application), Array, Object(Closure))
#26 C:/Users/Arn/Downloads/love-alarm/love-alarm/backend/vendor/laravel/framework/src/Illuminate/Container/Container.php(799): Illuminate/Container/BoundMethod::call(Object(Illuminate/Foundation/Application), Array, Array, NULL)
#27 C:/Users/Arn/Downloads/love-alarm/love-alarm/backend/vendor/laravel/framework/src/Illuminate/Database/Seeder.php(184): Illuminate/Container/Container->call(Array, Array)
#28 C:/Users/Arn/Downloads/love-alarm/love-alarm/backend/vendor/laravel/framework/src/Illuminate/Database/Seeder.php(193): Illuminate/Database/Seeder->Illuminate/Database/{closure}()
#29 C:/Users/Arn/Downloads/love-alarm/love-alarm/backend/vendor/laravel/framework/src/Illuminate/Database/Console/Seeds/SeedCommand.php(71): Illuminate/Database/Seeder->__invoke()
#30 C:/Users/Arn/Downloads/love-alarm/love-alarm/backend/vendor/laravel/framework/src/Illuminate/Database/Eloquent/Concerns/GuardsAttributes.php(157): Illuminate/Database/Console/Seeds/SeedCommand->Illuminate/Database/Console/Seeds/{closure}()
#31 C:/Users/Arn/Downloads/love-alarm/love-alarm/backend/vendor/laravel/framework/src/Illuminate/Database/Console/Seeds/SeedCommand.php(70): Illuminate/Database/Eloquent/Model::unguarded(Object(Closure))
#32 C:/Users/Arn/Downloads/love-alarm/love-alarm/backend/vendor/laravel/framework/src/Illuminate/Container/BoundMethod.php(36): Illuminate/Database/Console/Seeds/SeedCommand->handle()
#33 C:/Users/Arn/Downloads/love-alarm/love-alarm/backend/vendor/laravel/framework/src/Illuminate/Container/Util.php(43): Illuminate/Container/BoundMethod::Illuminate/Container/{closure}()
#34 C:/Users/Arn/Downloads/love-alarm/love-alarm/backend/vendor/laravel/framework/src/Illuminate/Container/BoundMethod.php(96): Illuminate/Container/Util::unwrapIfClosure(Object(Closure))
#35 C:/Users/Arn/Downloads/love-alarm/love-alarm/backend/vendor/laravel/framework/src/Illuminate/Container/BoundMethod.php(35): Illuminate/Container/BoundMethod::callBoundMethod(Object(Illuminate/Foundation/Application), Array, Object(Closure))
#36 C:/Users/Arn/Downloads/love-alarm/love-alarm/backend/vendor/laravel/framework/src/Illuminate/Container/Container.php(799): Illuminate/Container/BoundMethod::call(Object(Illuminate/Foundation/Application), Array, Array, NULL)
#37 C:/Users/Arn/Downloads/love-alarm/love-alarm/backend/vendor/laravel/framework/src/Illuminate/Console/Command.php(211): Illuminate/Container/Container->call(Array)
#38 C:/Users/Arn/Downloads/love-alarm/love-alarm/backend/vendor/symfony/console/Command/Command.php(341): Illuminate/Console/Command->execute(Object(Symfony/Component/Console/Input/ArrayInput), Object(Illuminate/Console/OutputStyle))
#39 C:/Users/Arn/Downloads/love-alarm/love-alarm/backend/vendor/laravel/framework/src/Illuminate/Console/Command.php(180): Symfony/Component/Console/Command/Command->run(Object(Symfony/Component/Console/Input/ArrayInput), Object(Illuminate/Console/OutputStyle))
#40 C:/Users/Arn/Downloads/love-alarm/love-alarm/backend/vendor/laravel/framework/src/Illuminate/Console/Concerns/CallsCommands.php(68): Illuminate/Console/Command->run(Object(Symfony/Component/Console/Input/ArrayInput), Object(Illuminate/Console/OutputStyle))
#41 C:/Users/Arn/Downloads/love-alarm/love-alarm/backend/vendor/laravel/framework/src/Illuminate/Console/Concerns/CallsCommands.php(29): Illuminate/Console/Command->runCommand('db:seed', Array, Object(Illuminate/Console/OutputStyle))
#42 C:/Users/Arn/Downloads/love-alarm/love-alarm/backend/vendor/laravel/framework/src/Illuminate/Database/Console/Migrations/FreshCommand.php(128): Illuminate/Console/Command->call('db:seed', Array)
#43 C:/Users/Arn/Downloads/love-alarm/love-alarm/backend/vendor/laravel/framework/src/Illuminate/Database/Console/Migrations/FreshCommand.php(104): Illuminate/Database/Console/Migrations/FreshCommand->runSeeder(NULL)
#44 C:/Users/Arn/Downloads/love-alarm/love-alarm/backend/vendor/laravel/framework/src/Illuminate/Container/BoundMethod.php(36): Illuminate/Database/Console/Migrations/FreshCommand->handle()
#45 C:/Users/Arn/Downloads/love-alarm/love-alarm/backend/vendor/laravel/framework/src/Illuminate/Container/Util.php(43): Illuminate/Container/BoundMethod::Illuminate/Container/{closure}()
#46 C:/Users/Arn/Downloads/love-alarm/love-alarm/backend/vendor/laravel/framework/src/Illuminate/Container/BoundMethod.php(96): Illuminate/Container/Util::unwrapIfClosure(Object(Closure))
#47 C:/Users/Arn/Downloads/love-alarm/love-alarm/backend/vendor/laravel/framework/src/Illuminate/Container/BoundMethod.php(35): Illuminate/Container/BoundMethod::callBoundMethod(Object(Illuminate/Foundation/Application), Array, Object(Closure))
#48 C:/Users/Arn/Downloads/love-alarm/love-alarm/backend/vendor/laravel/framework/src/Illuminate/Container/Container.php(799): Illuminate/Container/BoundMethod::call(Object(Illuminate/Foundation/Application), Array, Array, NULL)
#49 C:/Users/Arn/Downloads/love-alarm/love-alarm/backend/vendor/laravel/framework/src/Illuminate/Console/Command.php(211): Illuminate/Container/Container->call(Array)
#50 C:/Users/Arn/Downloads/love-alarm/love-alarm/backend/vendor/symfony/console/Command/Command.php(341): Illuminate/Console/Command->execute(Object(Symfony/Component/Console/Input/ArgvInput), Object(Illuminate/Console/OutputStyle))
#51 C:/Users/Arn/Downloads/love-alarm/love-alarm/backend/vendor/laravel/framework/src/Illuminate/Console/Command.php(180): Symfony/Component/Console/Command/Command->run(Object(Symfony/Component/Console/Input/ArgvInput), Object(Illuminate/Console/OutputStyle))
#52 C:/Users/Arn/Downloads/love-alarm/love-alarm/backend/vendor/symfony/console/Application.php(1117): Illuminate/Console/Command->run(Object(Symfony/Component/Console/Input/ArgvInput), Object(Symfony/Component/Console/Output/ConsoleOutput))
#53 C:/Users/Arn/Downloads/love-alarm/love-alarm/backend/vendor/symfony/console/Application.php(356): Symfony/Component/Console/Application->doRunCommand(Object(Illuminate/Database/Console/Migrations/FreshCommand), Object(Symfony/Component/Console/Input/ArgvInput), Object(Symfony/Component/Console/Output/ConsoleOutput))
#54 C:/Users/Arn/Downloads/love-alarm/love-alarm/backend/vendor/symfony/console/Application.php(195): Symfony/Component/Console/Application->doRun(Object(Symfony/Component/Console/Input/ArgvInput), Object(Symfony/Component/Console/Output/ConsoleOutput))
#55 C:/Users/Arn/Downloads/love-alarm/love-alarm/backend/vendor/laravel/framework/src/Illuminate/Foundation/Console/Kernel.php(198): Symfony/Component/Console/Application->run(Object(Symfony/Component/Console/Input/ArgvInput), Object(Symfony/Component/Console/Output/ConsoleOutput))
#56 C:/Users/Arn/Downloads/love-alarm/love-alarm/backend/vendor/laravel/framework/src/Illuminate/Foundation/Application.php(1235): Illuminate/Foundation/Console/Kernel->handle(Object(Symfony/Component/Console/Input/ArgvInput), Object(Symfony/Component/Console/Output/ConsoleOutput))
#57 C:/Users/Arn/Downloads/love-alarm/love-alarm/backend/artisan(16): Illuminate/Foundation/Application->handleCommand(Object(Symfony/Component/Console/Input/ArgvInput))
#58 {main}
"} 
[2026-08-28 08:22:15] local.ERROR: Call to undefined method App\Models\User::userSetting() {"exception":"[object] (BadMethodCallException(code: 0): Call to undefined method App\\Models\\User::userSetting() at C:/Users/Arn/Downloads/love-alarm/love-alarm/backend/vendor/laravel/framework/src/Illuminate/Support/Traits/ForwardsCalls.php:67)
[stacktrace]
#0 C:/Users/Arn/Downloads/love-alarm/love-alarm/backend/vendor/laravel/framework/src/Illuminate/Support/Traits/ForwardsCalls.php(36): Illuminate/Database/Eloquent/Model::throwBadMethodCallException('userSetting')
#1 C:/Users/Arn/Downloads/love-alarm/love-alarm/backend/vendor/laravel/framework/src/Illuminate/Database/Eloquent/Model.php(2544): Illuminate/Database/Eloquent/Model->forwardCallTo(Object(Illuminate/Database/Eloquent/Builder), 'userSetting', Array)
#2 C:/Users/Arn/Downloads/love-alarm/love-alarm/backend/vendor/laravel/framework/src/Illuminate/Database/Eloquent/Factories/Relationship.php(46): Illuminate/Database/Eloquent/Model->__call('userSetting', Array)
#3 C:/Users/Arn/Downloads/love-alarm/love-alarm/backend/vendor/laravel/framework/src/Illuminate/Database/Eloquent/Factories/Factory.php(392): Illuminate/Database/Eloquent/Factories/Relationship->createFor(Object(App/Models/User))
#4 C:/Users/Arn/Downloads/love-alarm/love-alarm/backend/vendor/laravel/framework/src/Illuminate/Collections/Traits/EnumeratesValues.php(275): Illuminate/Database/Eloquent/Factories/Factory->Illuminate/Database/Eloquent/Factories/{closure}(Object(Illuminate/Database/Eloquent/Factories/Relationship), 1)
#5 C:/Users/Arn/Downloads/love-alarm/love-alarm/backend/vendor/laravel/framework/src/Illuminate/Database/Eloquent/Factories/Factory.php(391): Illuminate/Support/Collection->each(Object(Closure))
#6 C:/Users/Arn/Downloads/love-alarm/love-alarm/backend/vendor/laravel/framework/src/Illuminate/Database/Eloquent/Concerns/GuardsAttributes.php(151): Illuminate/Database/Eloquent/Factories/Factory->Illuminate/Database/Eloquent/Factories/{closure}()
#7 C:/Users/Arn/Downloads/love-alarm/love-alarm/backend/vendor/laravel/framework/src/Illuminate/Database/Eloquent/Factories/Factory.php(390): Illuminate/Database/Eloquent/Model::unguarded(Object(Closure))
#8 C:/Users/Arn/Downloads/love-alarm/love-alarm/backend/vendor/laravel/framework/src/Illuminate/Database/Eloquent/Factories/Factory.php(378): Illuminate/Database/Eloquent/Factories/Factory->createChildren(Object(App/Models/User))
#9 C:/Users/Arn/Downloads/love-alarm/love-alarm/backend/vendor/laravel/framework/src/Illuminate/Collections/Traits/EnumeratesValues.php(275): Illuminate/Database/Eloquent/Factories/Factory->Illuminate/Database/Eloquent/Factories/{closure}(Object(App/Models/User), 0)
#10 C:/Users/Arn/Downloads/love-alarm/love-alarm/backend/vendor/laravel/framework/src/Illuminate/Database/Eloquent/Factories/Factory.php(365): Illuminate/Support/Collection->each(Object(Closure))
#11 C:/Users/Arn/Downloads/love-alarm/love-alarm/backend/vendor/laravel/framework/src/Illuminate/Database/Eloquent/Factories/Factory.php(325): Illuminate/Database/Eloquent/Factories/Factory->store(Object(Illuminate/Database/Eloquent/Collection))
#12 C:/Users/Arn/Downloads/love-alarm/love-alarm/backend/database/seeders/UserSeeder.php(72): Illuminate/Database/Eloquent/Factories/Factory->create()
#13 C:/Users/Arn/Downloads/love-alarm/love-alarm/backend/vendor/laravel/framework/src/Illuminate/Container/BoundMethod.php(36): Database/Seeders/UserSeeder->run()
#14 C:/Users/Arn/Downloads/love-alarm/love-alarm/backend/vendor/laravel/framework/src/Illuminate/Container/Util.php(43): Illuminate/Container/BoundMethod::Illuminate/Container/{closure}()
#15 C:/Users/Arn/Downloads/love-alarm/love-alarm/backend/vendor/laravel/framework/src/Illuminate/Container/BoundMethod.php(96): Illuminate/Container/Util::unwrapIfClosure(Object(Closure))
#16 C:/Users/Arn/Downloads/love-alarm/love-alarm/backend/vendor/laravel/framework/src/Illuminate/Container/BoundMethod.php(35): Illuminate/Container/BoundMethod::callBoundMethod(Object(Illuminate/Foundation/Application), Array, Object(Closure))
#17 C:/Users/Arn/Downloads/love-alarm/love-alarm/backend/vendor/laravel/framework/src/Illuminate/Container/Container.php(799): Illuminate/Container/BoundMethod::call(Object(Illuminate/Foundation/Application), Array, Array, NULL)
#18 C:/Users/Arn/Downloads/love-alarm/love-alarm/backend/vendor/laravel/framework/src/Illuminate/Database/Seeder.php(184): Illuminate/Container/Container->call(Array, Array)
#19 C:/Users/Arn/Downloads/love-alarm/love-alarm/backend/vendor/laravel/framework/src/Illuminate/Database/Seeder.php(193): Illuminate/Database/Seeder->Illuminate/Database/{closure}()
#20 C:/Users/Arn/Downloads/love-alarm/love-alarm/backend/vendor/laravel/framework/src/Illuminate/Database/Seeder.php(59): Illuminate/Database/Seeder->__invoke(Array)
#21 C:/Users/Arn/Downloads/love-alarm/love-alarm/backend/database/seeders/DatabaseSeeder.php(11): Illuminate/Database/Seeder->call('Database//Seeder...')
#22 C:/Users/Arn/Downloads/love-alarm/love-alarm/backend/vendor/laravel/framework/src/Illuminate/Container/BoundMethod.php(36): Database/Seeders/DatabaseSeeder->run()
#23 C:/Users/Arn/Downloads/love-alarm/love-alarm/backend/vendor/laravel/framework/src/Illuminate/Container/Util.php(43): Illuminate/Container/BoundMethod::Illuminate/Container/{closure}()
#24 C:/Users/Arn/Downloads/love-alarm/love-alarm/backend/vendor/laravel/framework/src/Illuminate/Container/BoundMethod.php(96): Illuminate/Container/Util::unwrapIfClosure(Object(Closure))
#25 C:/Users/Arn/Downloads/love-alarm/love-alarm/backend/vendor/laravel/framework/src/Illuminate/Container/BoundMethod.php(35): Illuminate/Container/BoundMethod::callBoundMethod(Object(Illuminate/Foundation/Application), Array, Object(Closure))
#26 C:/Users/Arn/Downloads/love-alarm/love-alarm/backend/vendor/laravel/framework/src/Illuminate/Container/Container.php(799): Illuminate/Container/BoundMethod::call(Object(Illuminate/Foundation/Application), Array, Array, NULL)
#27 C:/Users/Arn/Downloads/love-alarm/love-alarm/backend/vendor/laravel/framework/src/Illuminate/Database/Seeder.php(184): Illuminate/Container/Container->call(Array, Array)
#28 C:/Users/Arn/Downloads/love-alarm/love-alarm/backend/vendor/laravel/framework/src/Illuminate/Database/Seeder.php(193): Illuminate/Database/Seeder->Illuminate/Database/{closure}()
#29 C:/Users/Arn/Downloads/love-alarm/love-alarm/backend/vendor/laravel/framework/src/Illuminate/Database/Console/Seeds/SeedCommand.php(71): Illuminate/Database/Seeder->__invoke()
#30 C:/Users/Arn/Downloads/love-alarm/love-alarm/backend/vendor/laravel/framework/src/Illuminate/Database/Eloquent/Concerns/GuardsAttributes.php(157): Illuminate/Database/Console/Seeds/SeedCommand->Illuminate/Database/Console/Seeds/{closure}()
#31 C:/Users/Arn/Downloads/love-alarm/love-alarm/backend/vendor/laravel/framework/src/Illuminate/Database/Console/Seeds/SeedCommand.php(70): Illuminate/Database/Eloquent/Model::unguarded(Object(Closure))
#32 C:/Users/Arn/Downloads/love-alarm/love-alarm/backend/vendor/laravel/framework/src/Illuminate/Container/BoundMethod.php(36): Illuminate/Database/Console/Seeds/SeedCommand->handle()
#33 C:/Users/Arn/Downloads/love-alarm/love-alarm/backend/vendor/laravel/framework/src/Illuminate/Container/Util.php(43): Illuminate/Container/BoundMethod::Illuminate/Container/{closure}()
#34 C:/Users/Arn/Downloads/love-alarm/love-alarm/backend/vendor/laravel/framework/src/Illuminate/Container/BoundMethod.php(96): Illuminate/Container/Util::unwrapIfClosure(Object(Closure))
#35 C:/Users/Arn/Downloads/love-alarm/love-alarm/backend/vendor/laravel/framework/src/Illuminate/Container/BoundMethod.php(35): Illuminate/Container/BoundMethod::callBoundMethod(Object(Illuminate/Foundation/Application), Array, Object(Closure))
#36 C:/Users/Arn/Downloads/love-alarm/love-alarm/backend/vendor/laravel/framework/src/Illuminate/Container/Container.php(799): Illuminate/Container/BoundMethod::call(Object(Illuminate/Foundation/Application), Array, Array, NULL)
#37 C:/Users/Arn/Downloads/love-alarm/love-alarm/backend/vendor/laravel/framework/src/Illuminate/Console/Command.php(211): Illuminate/Container/Container->call(Array)
#38 C:/Users/Arn/Downloads/love-alarm/love-alarm/backend/vendor/symfony/console/Command/Command.php(341): Illuminate/Console/Command->execute(Object(Symfony/Component/Console/Input/ArrayInput), Object(Illuminate/Console/OutputStyle))
#39 C:/Users/Arn/Downloads/love-alarm/love-alarm/backend/vendor/laravel/framework/src/Illuminate/Console/Command.php(180): Symfony/Component/Console/Command/Command->run(Object(Symfony/Component/Console/Input/ArrayInput), Object(Illuminate/Console/OutputStyle))
#40 C:/Users/Arn/Downloads/love-alarm/love-alarm/backend/vendor/laravel/framework/src/Illuminate/Console/Concerns/CallsCommands.php(68): Illuminate/Console/Command->run(Object(Symfony/Component/Console/Input/ArrayInput), Object(Illuminate/Console/OutputStyle))
#41 C:/Users/Arn/Downloads/love-alarm/love-alarm/backend/vendor/laravel/framework/src/Illuminate/Console/Concerns/CallsCommands.php(29): Illuminate/Console/Command->runCommand('db:seed', Array, Object(Illuminate/Console/OutputStyle))
#42 C:/Users/Arn/Downloads/love-alarm/love-alarm/backend/vendor/laravel/framework/src/Illuminate/Database/Console/Migrations/FreshCommand.php(128): Illuminate/Console/Command->call('db:seed', Array)
#43 C:/Users/Arn/Downloads/love-alarm/love-alarm/backend/vendor/laravel/framework/src/Illuminate/Database/Console/Migrations/FreshCommand.php(104): Illuminate/Database/Console/Migrations/FreshCommand->runSeeder(NULL)
#44 C:/Users/Arn/Downloads/love-alarm/love-alarm/backend/vendor/laravel/framework/src/Illuminate/Container/BoundMethod.php(36): Illuminate/Database/Console/Migrations/FreshCommand->handle()
#45 C:/Users/Arn/Downloads/love-alarm/love-alarm/backend/vendor/laravel/framework/src/Illuminate/Container/Util.php(43): Illuminate/Container/BoundMethod::Illuminate/Container/{closure}()
#46 C:/Users/Arn/Downloads/love-alarm/love-alarm/backend/vendor/laravel/framework/src/Illuminate/Container/BoundMethod.php(96): Illuminate/Container/Util::unwrapIfClosure(Object(Closure))
#47 C:/Users/Arn/Downloads/love-alarm/love-alarm/backend/vendor/laravel/framework/src/Illuminate/Container/BoundMethod.php(35): Illuminate/Container/BoundMethod::callBoundMethod(Object(Illuminate/Foundation/Application), Array, Object(Closure))
#48 C:/Users/Arn/Downloads/love-alarm/love-alarm/backend/vendor/laravel/framework/src/Illuminate/Container/Container.php(799): Illuminate/Container/BoundMethod::call(Object(Illuminate/Foundation/Application), Array, Array, NULL)
#49 C:/Users/Arn/Downloads/love-alarm/love-alarm/backend/vendor/laravel/framework/src/Illuminate/Console/Command.php(211): Illuminate/Container/Container->call(Array)
#50 C:/Users/Arn/Downloads/love-alarm/love-alarm/backend/vendor/symfony/console/Command/Command.php(341): Illuminate/Console/Command->execute(Object(Symfony/Component/Console/Input/ArgvInput), Object(Illuminate/Console/OutputStyle))
#51 C:/Users/Arn/Downloads/love-alarm/love-alarm/backend/vendor/laravel/framework/src/Illuminate/Console/Command.php(180): Symfony/Component/Console/Command/Command->run(Object(Symfony/Component/Console/Input/ArgvInput), Object(Illuminate/Console/OutputStyle))
#52 C:/Users/Arn/Downloads/love-alarm/love-alarm/backend/vendor/symfony/console/Application.php(1117): Illuminate/Console/Command->run(Object(Symfony/Component/Console/Input/ArgvInput), Object(Symfony/Component/Console/Output/ConsoleOutput))
#53 C:/Users/Arn/Downloads/love-alarm/love-alarm/backend/vendor/symfony/console/Application.php(356): Symfony/Component/Console/Application->doRunCommand(Object(Illuminate/Database/Console/Migrations/FreshCommand), Object(Symfony/Component/Console/Input/ArgvInput), Object(Symfony/Component/Console/Output/ConsoleOutput))
#54 C:/Users/Arn/Downloads/love-alarm/love-alarm/backend/vendor/symfony/console/Application.php(195): Symfony/Component/Console/Application->doRun(Object(Symfony/Component/Console/Input/ArgvInput), Object(Symfony/Component/Console/Output/ConsoleOutput))
#55 C:/Users/Arn/Downloads/love-alarm/love-alarm/backend/vendor/laravel/framework/src/Illuminate/Foundation/Console/Kernel.php(198): Symfony/Component/Console/Application->run(Object(Symfony/Component/Console/Input/ArgvInput), Object(Symfony/Component/Console/Output/ConsoleOutput))
#56 C:/Users/Arn/Downloads/love-alarm/love-alarm/backend/vendor/laravel/framework/src/Illuminate/Foundation/Application.php(1235): Illuminate/Foundation/Console/Kernel->handle(Object(Symfony/Component/Console/Input/ArgvInput), Object(Symfony/Component/Console/Output/ConsoleOutput))
#57 C:/Users/Arn/Downloads/love-alarm/love-alarm/backend/artisan(16): Illuminate/Foundation/Application->handleCommand(Object(Symfony/Component/Console/Input/ArgvInput))
#58 {main}
"} 
[2026-08-28 09:13:11] local.ERROR: Please provide a valid cache path. {"exception":"[object] (InvalidArgumentException(code: 0): Please provide a valid cache path. at C:/Users/Arn/Downloads/love-alarm/love-alarm/backend/vendor/laravel/framework/src/Illuminate/View/Compilers/Compiler.php:75)
[stacktrace]
#0 C:/Users/Arn/Downloads/love-alarm/love-alarm/backend/vendor/laravel/framework/src/Illuminate/View/ViewServiceProvider.php(97): Illuminate/View/Compilers/Compiler->__construct(Object(Illuminate/Filesystem/Filesystem), false, '', true, 'php', true)
#1 C:/Users/Arn/Downloads/love-alarm/love-alarm/backend/vendor/laravel/framework/src/Illuminate/Container/Container.php(1115): Illuminate/View/ViewServiceProvider->Illuminate/View/{closure}(Object(Illuminate/Foundation/Application), Array)
#2 C:/Users/Arn/Downloads/love-alarm/love-alarm/backend/vendor/laravel/framework/src/Illuminate/Container/Container.php(933): Illuminate/Container/Container->build(Object(Closure))
#3 C:/Users/Arn/Downloads/love-alarm/love-alarm/backend/vendor/laravel/framework/src/Illuminate/Foundation/Application.php(1078): Illuminate/Container/Container->resolve('blade.compiler', Array, true)
#4 C:/Users/Arn/Downloads/love-alarm/love-alarm/backend/vendor/laravel/framework/src/Illuminate/Container/Container.php(864): Illuminate/Foundation/Application->resolve('blade.compiler', Array)
#5 C:/Users/Arn/Downloads/love-alarm/love-alarm/backend/vendor/laravel/framework/src/Illuminate/Foundation/Application.php(1058): Illuminate/Container/Container->make('blade.compiler', Array)
#6 C:/Users/Arn/Downloads/love-alarm/love-alarm/backend/vendor/laravel/framework/src/Illuminate/View/ViewServiceProvider.php(169): Illuminate/Foundation/Application->make('blade.compiler')
#7 [internal function]: Illuminate/View/ViewServiceProvider->Illuminate/View/{closure}()
#8 C:/Users/Arn/Downloads/love-alarm/love-alarm/backend/vendor/laravel/framework/src/Illuminate/View/Engines/EngineResolver.php(55): call_user_func(Object(Closure))
#9 C:/Users/Arn/Downloads/love-alarm/love-alarm/backend/vendor/laravel/framework/src/Illuminate/View/Factory.php(325): Illuminate/View/Engines/EngineResolver->resolve('blade')
#10 C:/Users/Arn/Downloads/love-alarm/love-alarm/backend/vendor/laravel/framework/src/Illuminate/View/Factory.php(287): Illuminate/View/Factory->getEngineFromPath('C://Users//Arn//Do...')
#11 C:/Users/Arn/Downloads/love-alarm/love-alarm/backend/vendor/laravel/framework/src/Illuminate/View/Factory.php(135): Illuminate/View/Factory->viewInstance('C://Users//Arn//Do...', 'C://Users//Arn//Do...', Array)
#12 C:/Users/Arn/Downloads/love-alarm/love-alarm/backend/vendor/laravel/framework/src/Illuminate/Support/Facades/Facade.php(363): Illuminate/View/Factory->file('C://Users//Arn//Do...', Array)
#13 C:/Users/Arn/Downloads/love-alarm/love-alarm/backend/vendor/laravel/framework/src/Illuminate/Foundation/Configuration/ApplicationBuilder.php(234): Illuminate/Support/Facades/Facade::__callStatic('file', Array)
#14 C:/Users/Arn/Downloads/love-alarm/love-alarm/backend/vendor/laravel/framework/src/Illuminate/Routing/CallableDispatcher.php(39): Illuminate/Foundation/Configuration/ApplicationBuilder->Illuminate/Foundation/Configuration/{closure}()
#15 C:/Users/Arn/Downloads/love-alarm/love-alarm/backend/vendor/laravel/framework/src/Illuminate/Routing/Route.php(243): Illuminate/Routing/CallableDispatcher->dispatch(Object(Illuminate/Routing/Route), Object(Closure))
#16 C:/Users/Arn/Downloads/love-alarm/love-alarm/backend/vendor/laravel/framework/src/Illuminate/Routing/Route.php(214): Illuminate/Routing/Route->runCallable()
#17 C:/Users/Arn/Downloads/love-alarm/love-alarm/backend/vendor/laravel/framework/src/Illuminate/Routing/Router.php(822): Illuminate/Routing/Route->run()
#18 C:/Users/Arn/Downloads/love-alarm/love-alarm/backend/vendor/laravel/framework/src/Illuminate/Pipeline/Pipeline.php(180): Illuminate/Routing/Router->Illuminate/Routing/{closure}(Object(Illuminate/Http/Request))
#19 C:/Users/Arn/Downloads/love-alarm/love-alarm/backend/vendor/laravel/framework/src/Illuminate/Pipeline/Pipeline.php(137): Illuminate/Pipeline/Pipeline->Illuminate/Pipeline/{closure}(Object(Illuminate/Http/Request))
#20 C:/Users/Arn/Downloads/love-alarm/love-alarm/backend/vendor/laravel/framework/src/Illuminate/Routing/Router.php(821): Illuminate/Pipeline/Pipeline->then(Object(Closure))
#21 C:/Users/Arn/Downloads/love-alarm/love-alarm/backend/vendor/laravel/framework/src/Illuminate/Routing/Router.php(800): Illuminate/Routing/Router->runRouteWithinStack(Object(Illuminate/Routing/Route), Object(Illuminate/Http/Request))
#22 C:/Users/Arn/Downloads/love-alarm/love-alarm/backend/vendor/laravel/framework/src/Illuminate/Routing/Router.php(764): Illuminate/Routing/Router->runRoute(Object(Illuminate/Http/Request), Object(Illuminate/Routing/Route))
#23 C:/Users/Arn/Downloads/love-alarm/love-alarm/backend/vendor/laravel/framework/src/Illuminate/Routing/Router.php(753): Illuminate/Routing/Router->dispatchToRoute(Object(Illuminate/Http/Request))
#24 C:/Users/Arn/Downloads/love-alarm/love-alarm/backend/vendor/laravel/framework/src/Illuminate/Foundation/Http/Kernel.php(200): Illuminate/Routing/Router->dispatch(Object(Illuminate/Http/Request))
#25 C:/Users/Arn/Downloads/love-alarm/love-alarm/backend/vendor/laravel/framework/src/Illuminate/Pipeline/Pipeline.php(180): Illuminate/Foundation/Http/Kernel->Illuminate/Foundation/Http/{closure}(Object(Illuminate/Http/Request))
#26 C:/Users/Arn/Downloads/love-alarm/love-alarm/backend/vendor/laravel/framework/src/Illuminate/Foundation/Http/Middleware/TransformsRequest.php(21): Illuminate/Pipeline/Pipeline->Illuminate/Pipeline/{closure}(Object(Illuminate/Http/Request))
#27 C:/Users/Arn/Downloads/love-alarm/love-alarm/backend/vendor/laravel/framework/src/Illuminate/Foundation/Http/Middleware/ConvertEmptyStringsToNull.php(31): Illuminate/Foundation/Http/Middleware/TransformsRequest->handle(Object(Illuminate/Http/Request), Object(Closure))
#28 C:/Users/Arn/Downloads/love-alarm/love-alarm/backend/vendor/laravel/framework/src/Illuminate/Pipeline/Pipeline.php(219): Illuminate/Foundation/Http/Middleware/ConvertEmptyStringsToNull->handle(Object(Illuminate/Http/Request), Object(Closure))
#29 C:/Users/Arn/Downloads/love-alarm/love-alarm/backend/vendor/laravel/framework/src/Illuminate/Foundation/Http/Middleware/TransformsRequest.php(21): Illuminate/Pipeline/Pipeline->Illuminate/Pipeline/{closure}(Object(Illuminate/Http/Request))
#30 C:/Users/Arn/Downloads/love-alarm/love-alarm/backend/vendor/laravel/framework/src/Illuminate/Foundation/Http/Middleware/TrimStrings.php(51): Illuminate/Foundation/Http/Middleware/TransformsRequest->handle(Object(Illuminate/Http/Request), Object(Closure))
#31 C:/Users/Arn/Downloads/love-alarm/love-alarm/backend/vendor/laravel/framework/src/Illuminate/Pipeline/Pipeline.php(219): Illuminate/Foundation/Http/Middleware/TrimStrings->handle(Object(Illuminate/Http/Request), Object(Closure))
#32 C:/Users/Arn/Downloads/love-alarm/love-alarm/backend/vendor/laravel/framework/src/Illuminate/Http/Middleware/ValidatePostSize.php(27): Illuminate/Pipeline/Pipeline->Illuminate/Pipeline/{closure}(Object(Illuminate/Http/Request))
#33 C:/Users/Arn/Downloads/love-alarm/love-alarm/backend/vendor/laravel/framework/src/Illuminate/Pipeline/Pipeline.php(219): Illuminate/Http/Middleware/ValidatePostSize->handle(Object(Illuminate/Http/Request), Object(Closure))
#34 C:/Users/Arn/Downloads/love-alarm/love-alarm/backend/vendor/laravel/framework/src/Illuminate/Foundation/Http/Middleware/PreventRequestsDuringMaintenance.php(61): Illuminate/Pipeline/Pipeline->Illuminate/Pipeline/{closure}(Object(Illuminate/Http/Request))
#35 C:/Users/Arn/Downloads/love-alarm/love-alarm/backend/vendor/laravel/framework/src/Illuminate/Pipeline/Pipeline.php(219): Illuminate/Foundation/Http/Middleware/PreventRequestsDuringMaintenance->handle(Object(Illuminate/Http/Request), Object(Closure))
#36 C:/Users/Arn/Downloads/love-alarm/love-alarm/backend/vendor/laravel/framework/src/Illuminate/Http/Middleware/HandleCors.php(61): Illuminate/Pipeline/Pipeline->Illuminate/Pipeline/{closure}(Object(Illuminate/Http/Request))
#37 C:/Users/Arn/Downloads/love-alarm/love-alarm/backend/vendor/laravel/framework/src/Illuminate/Pipeline/Pipeline.php(219): Illuminate/Http/Middleware/HandleCors->handle(Object(Illuminate/Http/Request), Object(Closure))
#38 C:/Users/Arn/Downloads/love-alarm/love-alarm/backend/vendor/laravel/framework/src/Illuminate/Http/Middleware/TrustProxies.php(58): Illuminate/Pipeline/Pipeline->Illuminate/Pipeline/{closure}(Object(Illuminate/Http/Request))
#39 C:/Users/Arn/Downloads/love-alarm/love-alarm/backend/vendor/laravel/framework/src/Illuminate/Pipeline/Pipeline.php(219): Illuminate/Http/Middleware/TrustProxies->handle(Object(Illuminate/Http/Request), Object(Closure))
#40 C:/Users/Arn/Downloads/love-alarm/love-alarm/backend/vendor/laravel/framework/src/Illuminate/Foundation/Http/Middleware/InvokeDeferredCallbacks.php(22): Illuminate/Pipeline/Pipeline->Illuminate/Pipeline/{closure}(Object(Illuminate/Http/Request))
#41 C:/Users/Arn/Downloads/love-alarm/love-alarm/backend/vendor/laravel/framework/src/Illuminate/Pipeline/Pipeline.php(219): Illuminate/Foundation/Http/Middleware/InvokeDeferredCallbacks->handle(Object(Illuminate/Http/Request), Object(Closure))
#42 C:/Users/Arn/Downloads/love-alarm/love-alarm/backend/vendor/laravel/framework/src/Illuminate/Http/Middleware/ValidatePathEncoding.php(26): Illuminate/Pipeline/Pipeline->Illuminate/Pipeline/{closure}(Object(Illuminate/Http/Request))
#43 C:/Users/Arn/Downloads/love-alarm/love-alarm/backend/vendor/laravel/framework/src/Illuminate/Pipeline/Pipeline.php(219): Illuminate/Http/Middleware/ValidatePathEncoding->handle(Object(Illuminate/Http/Request), Object(Closure))
#44 C:/Users/Arn/Downloads/love-alarm/love-alarm/backend/vendor/laravel/framework/src/Illuminate/Pipeline/Pipeline.php(137): Illuminate/Pipeline/Pipeline->Illuminate/Pipeline/{closure}(Object(Illuminate/Http/Request))
#45 C:/Users/Arn/Downloads/love-alarm/love-alarm/backend/vendor/laravel/framework/src/Illuminate/Foundation/Http/Kernel.php(175): Illuminate/Pipeline/Pipeline->then(Object(Closure))
#46 C:/Users/Arn/Downloads/love-alarm/love-alarm/backend/vendor/laravel/framework/src/Illuminate/Foundation/Http/Kernel.php(144): Illuminate/Foundation/Http/Kernel->sendRequestThroughRouter(Object(Illuminate/Http/Request))
#47 C:/Users/Arn/Downloads/love-alarm/love-alarm/backend/vendor/laravel/framework/src/Illuminate/Foundation/Application.php(1220): Illuminate/Foundation/Http/Kernel->handle(Object(Illuminate/Http/Request))
#48 C:/Users/Arn/Downloads/love-alarm/love-alarm/backend/public/index.php(20): Illuminate/Foundation/Application->handleRequest(Object(Illuminate/Http/Request))
#49 {main}
"} 
[2026-08-28 09:14:58] local.ERROR: SQLSTATE[42P01]: Undefined table: 7 ERROR:  relation "cache" does not exist
LINE 1: delete from "cache"
                    ^ (Connection: pgsql, Host: 127.0.0.1, Port: 5432, Database: lovealarm, SQL: delete from "cache") {"exception":"[object] (Illuminate\\Database\\QueryException(code: 42P01): SQLSTATE[42P01]: Undefined table: 7 ERROR:  relation \"cache\" does not exist
LINE 1: delete from \"cache\"
                    ^ (Connection: pgsql, Host: 127.0.0.1, Port: 5432, Database: lovealarm, SQL: delete from \"cache\") at C:/Users/Arn/Downloads/love-alarm/love-alarm/backend/vendor/laravel/framework/src/Illuminate/Database/Connection.php:838)
[stacktrace]
#0 C:/Users/Arn/Downloads/love-alarm/love-alarm/backend/vendor/laravel/framework/src/Illuminate/Database/Connection.php(794): Illuminate/Database/Connection->runQueryCallback('delete from \"ca...', Array, Object(Closure))
#1 C:/Users/Arn/Downloads/love-alarm/love-alarm/backend/vendor/laravel/framework/src/Illuminate/Database/Connection.php(597): Illuminate/Database/Connection->run('delete from \"ca...', Array, Object(Closure))
#2 C:/Users/Arn/Downloads/love-alarm/love-alarm/backend/vendor/laravel/framework/src/Illuminate/Database/Connection.php(561): Illuminate/Database/Connection->affectingStatement('delete from \"ca...', Array)
#3 C:/Users/Arn/Downloads/love-alarm/love-alarm/backend/vendor/laravel/framework/src/Illuminate/Database/Query/Builder.php(4426): Illuminate/Database/Connection->delete('delete from \"ca...', Array)
#4 C:/Users/Arn/Downloads/love-alarm/love-alarm/backend/vendor/laravel/framework/src/Illuminate/Cache/DatabaseStore.php(433): Illuminate/Database/Query/Builder->delete()
#5 C:/Users/Arn/Downloads/love-alarm/love-alarm/backend/vendor/laravel/framework/src/Illuminate/Cache/Repository.php(979): Illuminate/Cache/DatabaseStore->flush()
#6 C:/Users/Arn/Downloads/love-alarm/love-alarm/backend/vendor/laravel/framework/src/Illuminate/Cache/Console/ClearCommand.php(68): Illuminate/Cache/Repository->__call('flush', Array)
#7 C:/Users/Arn/Downloads/love-alarm/love-alarm/backend/vendor/laravel/framework/src/Illuminate/Container/BoundMethod.php(36): Illuminate/Cache/Console/ClearCommand->handle()
#8 C:/Users/Arn/Downloads/love-alarm/love-alarm/backend/vendor/laravel/framework/src/Illuminate/Container/Util.php(43): Illuminate/Container/BoundMethod::Illuminate/Container/{closure}()
#9 C:/Users/Arn/Downloads/love-alarm/love-alarm/backend/vendor/laravel/framework/src/Illuminate/Container/BoundMethod.php(96): Illuminate/Container/Util::unwrapIfClosure(Object(Closure))
#10 C:/Users/Arn/Downloads/love-alarm/love-alarm/backend/vendor/laravel/framework/src/Illuminate/Container/BoundMethod.php(35): Illuminate/Container/BoundMethod::callBoundMethod(Object(Illuminate/Foundation/Application), Array, Object(Closure))
#11 C:/Users/Arn/Downloads/love-alarm/love-alarm/backend/vendor/laravel/framework/src/Illuminate/Container/Container.php(799): Illuminate/Container/BoundMethod::call(Object(Illuminate/Foundation/Application), Array, Array, NULL)
#12 C:/Users/Arn/Downloads/love-alarm/love-alarm/backend/vendor/laravel/framework/src/Illuminate/Console/Command.php(211): Illuminate/Container/Container->call(Array)
#13 C:/Users/Arn/Downloads/love-alarm/love-alarm/backend/vendor/symfony/console/Command/Command.php(341): Illuminate/Console/Command->execute(Object(Symfony/Component/Console/Input/ArrayInput), Object(Illuminate/Console/OutputStyle))
#14 C:/Users/Arn/Downloads/love-alarm/love-alarm/backend/vendor/laravel/framework/src/Illuminate/Console/Command.php(180): Symfony/Component/Console/Command/Command->run(Object(Symfony/Component/Console/Input/ArrayInput), Object(Illuminate/Console/OutputStyle))
#15 C:/Users/Arn/Downloads/love-alarm/love-alarm/backend/vendor/laravel/framework/src/Illuminate/Console/Concerns/CallsCommands.php(68): Illuminate/Console/Command->run(Object(Symfony/Component/Console/Input/ArrayInput), Object(Symfony/Component/Console/Output/NullOutput))
#16 C:/Users/Arn/Downloads/love-alarm/love-alarm/backend/vendor/laravel/framework/src/Illuminate/Console/Concerns/CallsCommands.php(41): Illuminate/Console/Command->runCommand('cache:clear', Array, Object(Symfony/Component/Console/Output/NullOutput))
#17 C:/Users/Arn/Downloads/love-alarm/love-alarm/backend/vendor/laravel/framework/src/Illuminate/Console/Concerns/CallsCommands.php(53): Illuminate/Console/Command->callSilent('cache:clear', Array)
#18 C:/Users/Arn/Downloads/love-alarm/love-alarm/backend/vendor/laravel/framework/src/Illuminate/Foundation/Console/OptimizeClearCommand.php(48): Illuminate/Console/Command->callSilently('cache:clear')
#19 C:/Users/Arn/Downloads/love-alarm/love-alarm/backend/vendor/laravel/framework/src/Illuminate/Console/View/Components/Task.php(41): Illuminate/Foundation/Console/OptimizeClearCommand->Illuminate/Foundation/Console/{closure}()
#20 C:/Users/Arn/Downloads/love-alarm/love-alarm/backend/vendor/laravel/framework/src/Illuminate/Console/View/Components/Factory.php(59): Illuminate/Console/View/Components/Task->render('cache', Object(Closure))
#21 C:/Users/Arn/Downloads/love-alarm/love-alarm/backend/vendor/laravel/framework/src/Illuminate/Foundation/Console/OptimizeClearCommand.php(48): Illuminate/Console/View/Components/Factory->__call('task', Array)
#22 C:/Users/Arn/Downloads/love-alarm/love-alarm/backend/vendor/laravel/framework/src/Illuminate/Container/BoundMethod.php(36): Illuminate/Foundation/Console/OptimizeClearCommand->handle()
#23 C:/Users/Arn/Downloads/love-alarm/love-alarm/backend/vendor/laravel/framework/src/Illuminate/Container/Util.php(43): Illuminate/Container/BoundMethod::Illuminate/Container/{closure}()
#24 C:/Users/Arn/Downloads/love-alarm/love-alarm/backend/vendor/laravel/framework/src/Illuminate/Container/BoundMethod.php(96): Illuminate/Container/Util::unwrapIfClosure(Object(Closure))
#25 C:/Users/Arn/Downloads/love-alarm/love-alarm/backend/vendor/laravel/framework/src/Illuminate/Container/BoundMethod.php(35): Illuminate/Container/BoundMethod::callBoundMethod(Object(Illuminate/Foundation/Application), Array, Object(Closure))
#26 C:/Users/Arn/Downloads/love-alarm/love-alarm/backend/vendor/laravel/framework/src/Illuminate/Container/Container.php(799): Illuminate/Container/BoundMethod::call(Object(Illuminate/Foundation/Application), Array, Array, NULL)
#27 C:/Users/Arn/Downloads/love-alarm/love-alarm/backend/vendor/laravel/framework/src/Illuminate/Console/Command.php(211): Illuminate/Container/Container->call(Array)
#28 C:/Users/Arn/Downloads/love-alarm/love-alarm/backend/vendor/symfony/console/Command/Command.php(341): Illuminate/Console/Command->execute(Object(Symfony/Component/Console/Input/ArgvInput), Object(Illuminate/Console/OutputStyle))
#29 C:/Users/Arn/Downloads/love-alarm/love-alarm/backend/vendor/laravel/framework/src/Illuminate/Console/Command.php(180): Symfony/Component/Console/Command/Command->run(Object(Symfony/Component/Console/Input/ArgvInput), Object(Illuminate/Console/OutputStyle))
#30 C:/Users/Arn/Downloads/love-alarm/love-alarm/backend/vendor/symfony/console/Application.php(1117): Illuminate/Console/Command->run(Object(Symfony/Component/Console/Input/ArgvInput), Object(Symfony/Component/Console/Output/ConsoleOutput))
#31 C:/Users/Arn/Downloads/love-alarm/love-alarm/backend/vendor/symfony/console/Application.php(356): Symfony/Component/Console/Application->doRunCommand(Object(Illuminate/Foundation/Console/OptimizeClearCommand), Object(Symfony/Component/Console/Input/ArgvInput), Object(Symfony/Component/Console/Output/ConsoleOutput))
#32 C:/Users/Arn/Downloads/love-alarm/love-alarm/backend/vendor/symfony/console/Application.php(195): Symfony/Component/Console/Application->doRun(Object(Symfony/Component/Console/Input/ArgvInput), Object(Symfony/Component/Console/Output/ConsoleOutput))
#33 C:/Users/Arn/Downloads/love-alarm/love-alarm/backend/vendor/laravel/framework/src/Illuminate/Foundation/Console/Kernel.php(198): Symfony/Component/Console/Application->run(Object(Symfony/Component/Console/Input/ArgvInput), Object(Symfony/Component/Console/Output/ConsoleOutput))
#34 C:/Users/Arn/Downloads/love-alarm/love-alarm/backend/vendor/laravel/framework/src/Illuminate/Foundation/Application.php(1235): Illuminate/Foundation/Console/Kernel->handle(Object(Symfony/Component/Console/Input/ArgvInput), Object(Symfony/Component/Console/Output/ConsoleOutput))
#35 C:/Users/Arn/Downloads/love-alarm/love-alarm/backend/artisan(16): Illuminate/Foundation/Application->handleCommand(Object(Symfony/Component/Console/Input/ArgvInput))
#36 {main}

[previous exception] [object] (PDOException(code: 42P01): SQLSTATE[42P01]: Undefined table: 7 ERROR:  relation \"cache\" does not exist
LINE 1: delete from \"cache\"
                    ^ at C:/Users/Arn/Downloads/love-alarm/love-alarm/backend/vendor/laravel/framework/src/Illuminate/Database/Connection.php:609)
[stacktrace]
#0 C:/Users/Arn/Downloads/love-alarm/love-alarm/backend/vendor/laravel/framework/src/Illuminate/Database/Connection.php(609): PDOStatement->execute()
#1 C:/Users/Arn/Downloads/love-alarm/love-alarm/backend/vendor/laravel/framework/src/Illuminate/Database/Connection.php(827): Illuminate/Database/Connection->Illuminate/Database/{closure}('delete from \"ca...', Array)
#2 C:/Users/Arn/Downloads/love-alarm/love-alarm/backend/vendor/laravel/framework/src/Illuminate/Database/Connection.php(794): Illuminate/Database/Connection->runQueryCallback('delete from \"ca...', Array, Object(Closure))
#3 C:/Users/Arn/Downloads/love-alarm/love-alarm/backend/vendor/laravel/framework/src/Illuminate/Database/Connection.php(597): Illuminate/Database/Connection->run('delete from \"ca...', Array, Object(Closure))
#4 C:/Users/Arn/Downloads/love-alarm/love-alarm/backend/vendor/laravel/framework/src/Illuminate/Database/Connection.php(561): Illuminate/Database/Connection->affectingStatement('delete from \"ca...', Array)
#5 C:/Users/Arn/Downloads/love-alarm/love-alarm/backend/vendor/laravel/framework/src/Illuminate/Database/Query/Builder.php(4426): Illuminate/Database/Connection->delete('delete from \"ca...', Array)
#6 C:/Users/Arn/Downloads/love-alarm/love-alarm/backend/vendor/laravel/framework/src/Illuminate/Cache/DatabaseStore.php(433): Illuminate/Database/Query/Builder->delete()
#7 C:/Users/Arn/Downloads/love-alarm/love-alarm/backend/vendor/laravel/framework/src/Illuminate/Cache/Repository.php(979): Illuminate/Cache/DatabaseStore->flush()
#8 C:/Users/Arn/Downloads/love-alarm/love-alarm/backend/vendor/laravel/framework/src/Illuminate/Cache/Console/ClearCommand.php(68): Illuminate/Cache/Repository->__call('flush', Array)
#9 C:/Users/Arn/Downloads/love-alarm/love-alarm/backend/vendor/laravel/framework/src/Illuminate/Container/BoundMethod.php(36): Illuminate/Cache/Console/ClearCommand->handle()
#10 C:/Users/Arn/Downloads/love-alarm/love-alarm/backend/vendor/laravel/framework/src/Illuminate/Container/Util.php(43): Illuminate/Container/BoundMethod::Illuminate/Container/{closure}()
#11 C:/Users/Arn/Downloads/love-alarm/love-alarm/backend/vendor/laravel/framework/src/Illuminate/Container/BoundMethod.php(96): Illuminate/Container/Util::unwrapIfClosure(Object(Closure))
#12 C:/Users/Arn/Downloads/love-alarm/love-alarm/backend/vendor/laravel/framework/src/Illuminate/Container/BoundMethod.php(35): Illuminate/Container/BoundMethod::callBoundMethod(Object(Illuminate/Foundation/Application), Array, Object(Closure))
#13 C:/Users/Arn/Downloads/love-alarm/love-alarm/backend/vendor/laravel/framework/src/Illuminate/Container/Container.php(799): Illuminate/Container/BoundMethod::call(Object(Illuminate/Foundation/Application), Array, Array, NULL)
#14 C:/Users/Arn/Downloads/love-alarm/love-alarm/backend/vendor/laravel/framework/src/Illuminate/Console/Command.php(211): Illuminate/Container/Container->call(Array)
#15 C:/Users/Arn/Downloads/love-alarm/love-alarm/backend/vendor/symfony/console/Command/Command.php(341): Illuminate/Console/Command->execute(Object(Symfony/Component/Console/Input/ArrayInput), Object(Illuminate/Console/OutputStyle))
#16 C:/Users/Arn/Downloads/love-alarm/love-alarm/backend/vendor/laravel/framework/src/Illuminate/Console/Command.php(180): Symfony/Component/Console/Command/Command->run(Object(Symfony/Component/Console/Input/ArrayInput), Object(Illuminate/Console/OutputStyle))
#17 C:/Users/Arn/Downloads/love-alarm/love-alarm/backend/vendor/laravel/framework/src/Illuminate/Console/Concerns/CallsCommands.php(68): Illuminate/Console/Command->run(Object(Symfony/Component/Console/Input/ArrayInput), Object(Symfony/Component/Console/Output/NullOutput))
#18 C:/Users/Arn/Downloads/love-alarm/love-alarm/backend/vendor/laravel/framework/src/Illuminate/Console/Concerns/CallsCommands.php(41): Illuminate/Console/Command->runCommand('cache:clear', Array, Object(Symfony/Component/Console/Output/NullOutput))
#19 C:/Users/Arn/Downloads/love-alarm/love-alarm/backend/vendor/laravel/framework/src/Illuminate/Console/Concerns/CallsCommands.php(53): Illuminate/Console/Command->callSilent('cache:clear', Array)
#20 C:/Users/Arn/Downloads/love-alarm/love-alarm/backend/vendor/laravel/framework/src/Illuminate/Foundation/Console/OptimizeClearCommand.php(48): Illuminate/Console/Command->callSilently('cache:clear')
#21 C:/Users/Arn/Downloads/love-alarm/love-alarm/backend/vendor/laravel/framework/src/Illuminate/Console/View/Components/Task.php(41): Illuminate/Foundation/Console/OptimizeClearCommand->Illuminate/Foundation/Console/{closure}()
#22 C:/Users/Arn/Downloads/love-alarm/love-alarm/backend/vendor/laravel/framework/src/Illuminate/Console/View/Components/Factory.php(59): Illuminate/Console/View/Components/Task->render('cache', Object(Closure))
#23 C:/Users/Arn/Downloads/love-alarm/love-alarm/backend/vendor/laravel/framework/src/Illuminate/Foundation/Console/OptimizeClearCommand.php(48): Illuminate/Console/View/Components/Factory->__call('task', Array)
#24 C:/Users/Arn/Downloads/love-alarm/love-alarm/backend/vendor/laravel/framework/src/Illuminate/Container/BoundMethod.php(36): Illuminate/Foundation/Console/OptimizeClearCommand->handle()
#25 C:/Users/Arn/Downloads/love-alarm/love-alarm/backend/vendor/laravel/framework/src/Illuminate/Container/Util.php(43): Illuminate/Container/BoundMethod::Illuminate/Container/{closure}()
#26 C:/Users/Arn/Downloads/love-alarm/love-alarm/backend/vendor/laravel/framework/src/Illuminate/Container/BoundMethod.php(96): Illuminate/Container/Util::unwrapIfClosure(Object(Closure))
#27 C:/Users/Arn/Downloads/love-alarm/love-alarm/backend/vendor/laravel/framework/src/Illuminate/Container/BoundMethod.php(35): Illuminate/Container/BoundMethod::callBoundMethod(Object(Illuminate/Foundation/Application), Array, Object(Closure))
#28 C:/Users/Arn/Downloads/love-alarm/love-alarm/backend/vendor/laravel/framework/src/Illuminate/Container/Container.php(799): Illuminate/Container/BoundMethod::call(Object(Illuminate/Foundation/Application), Array, Array, NULL)
#29 C:/Users/Arn/Downloads/love-alarm/love-alarm/backend/vendor/laravel/framework/src/Illuminate/Console/Command.php(211): Illuminate/Container/Container->call(Array)
#30 C:/Users/Arn/Downloads/love-alarm/love-alarm/backend/vendor/symfony/console/Command/Command.php(341): Illuminate/Console/Command->execute(Object(Symfony/Component/Console/Input/ArgvInput), Object(Illuminate/Console/OutputStyle))
#31 C:/Users/Arn/Downloads/love-alarm/love-alarm/backend/vendor/laravel/framework/src/Illuminate/Console/Command.php(180): Symfony/Component/Console/Command/Command->run(Object(Symfony/Component/Console/Input/ArgvInput), Object(Illuminate/Console/OutputStyle))
#32 C:/Users/Arn/Downloads/love-alarm/love-alarm/backend/vendor/symfony/console/Application.php(1117): Illuminate/Console/Command->run(Object(Symfony/Component/Console/Input/ArgvInput), Object(Symfony/Component/Console/Output/ConsoleOutput))
#33 C:/Users/Arn/Downloads/love-alarm/love-alarm/backend/vendor/symfony/console/Application.php(356): Symfony/Component/Console/Application->doRunCommand(Object(Illuminate/Foundation/Console/OptimizeClearCommand), Object(Symfony/Component/Console/Input/ArgvInput), Object(Symfony/Component/Console/Output/ConsoleOutput))
#34 C:/Users/Arn/Downloads/love-alarm/love-alarm/backend/vendor/symfony/console/Application.php(195): Symfony/Component/Console/Application->doRun(Object(Symfony/Component/Console/Input/ArgvInput), Object(Symfony/Component/Console/Output/ConsoleOutput))
#35 C:/Users/Arn/Downloads/love-alarm/love-alarm/backend/vendor/laravel/framework/src/Illuminate/Foundation/Console/Kernel.php(198): Symfony/Component/Console/Application->run(Object(Symfony/Component/Console/Input/ArgvInput), Object(Symfony/Component/Console/Output/ConsoleOutput))
#36 C:/Users/Arn/Downloads/love-alarm/love-alarm/backend/vendor/laravel/framework/src/Illuminate/Foundation/Application.php(1235): Illuminate/Foundation/Console/Kernel->handle(Object(Symfony/Component/Console/Input/ArgvInput), Object(Symfony/Component/Console/Output/ConsoleOutput))
#37 C:/Users/Arn/Downloads/love-alarm/love-alarm/backend/artisan(16): Illuminate/Foundation/Application->handleCommand(Object(Symfony/Component/Console/Input/ArgvInput))
#38 {main}
"} 
[2026-08-28 09:19:11] local.ERROR: SQLSTATE[22P02]: Invalid text representation: 7 ERROR:  invalid input syntax for type bigint: "ccbc7d39-f4de-4005-92b9-5264859b181e"
CONTEXT:  unnamed portal parameter $5 = '...' (Connection: pgsql, Host: 127.0.0.1, Port: 5432, Database: lovealarm, SQL: insert into "personal_access_tokens" ("name", "token", "abilities", "expires_at", "tokenable_id", "tokenable_type", "updated_at", "created_at") values (api, 89f64dd3d57e33ce166bcc7fda0ab0fccda67310ba5abf9f4f0dd16dd5fdf724, ["*"], 2026-08-28 09:19:11, ccbc7d39-f4de-4005-92b9-5264859b181e, App\Models\User, 2026-08-28 09:19:11, 2026-08-28 09:19:11) returning "id") {"exception":"[object] (Illuminate\\Database\\QueryException(code: 22P02): SQLSTATE[22P02]: Invalid text representation: 7 ERROR:  invalid input syntax for type bigint: \"ccbc7d39-f4de-4005-92b9-5264859b181e\"
CONTEXT:  unnamed portal parameter $5 = '...' (Connection: pgsql, Host: 127.0.0.1, Port: 5432, Database: lovealarm, SQL: insert into \"personal_access_tokens\" (\"name\", \"token\", \"abilities\", \"expires_at\", \"tokenable_id\", \"tokenable_type\", \"updated_at\", \"created_at\") values (api, 89f64dd3d57e33ce166bcc7fda0ab0fccda67310ba5abf9f4f0dd16dd5fdf724, [\"*\"], 2026-08-28 09:19:11, ccbc7d39-f4de-4005-92b9-5264859b181e, App\\Models\\User, 2026-08-28 09:19:11, 2026-08-28 09:19:11) returning \"id\") at C:/Users/Arn/Downloads/love-alarm/love-alarm/backend/vendor/laravel/framework/src/Illuminate/Database/Connection.php:838)
[stacktrace]
#0 C:/Users/Arn/Downloads/love-alarm/love-alarm/backend/vendor/laravel/framework/src/Illuminate/Database/Connection.php(794): Illuminate/Database/Connection->runQueryCallback('insert into \"pe...', Array, Object(Closure))
#1 C:/Users/Arn/Downloads/love-alarm/love-alarm/backend/vendor/laravel/framework/src/Illuminate/Database/Connection.php(411): Illuminate/Database/Connection->run('insert into \"pe...', Array, Object(Closure))
#2 C:/Users/Arn/Downloads/love-alarm/love-alarm/backend/vendor/laravel/framework/src/Illuminate/Database/Connection.php(398): Illuminate/Database/Connection->select('insert into \"pe...', Array, false)
#3 C:/Users/Arn/Downloads/love-alarm/love-alarm/backend/vendor/laravel/framework/src/Illuminate/Database/Query/Processors/PostgresProcessor.php(24): Illuminate/Database/Connection->selectFromWriteConnection('insert into \"pe...', Array)
#4 C:/Users/Arn/Downloads/love-alarm/love-alarm/backend/vendor/laravel/framework/src/Illuminate/Database/Query/Builder.php(4170): Illuminate/Database/Query/Processors/PostgresProcessor->processInsertGetId(Object(Illuminate/Database/Query/Builder), 'insert into \"pe...', Array, 'id')
#5 C:/Users/Arn/Downloads/love-alarm/love-alarm/backend/vendor/laravel/framework/src/Illuminate/Database/Eloquent/Builder.php(2237): Illuminate/Database/Query/Builder->insertGetId(Array, 'id')
#6 C:/Users/Arn/Downloads/love-alarm/love-alarm/backend/vendor/laravel/framework/src/Illuminate/Database/Eloquent/Model.php(1436): Illuminate/Database/Eloquent/Builder->__call('insertGetId', Array)
#7 C:/Users/Arn/Downloads/love-alarm/love-alarm/backend/vendor/laravel/framework/src/Illuminate/Database/Eloquent/Model.php(1401): Illuminate/Database/Eloquent/Model->insertAndSetId(Object(Illuminate/Database/Eloquent/Builder), Array)
#8 C:/Users/Arn/Downloads/love-alarm/love-alarm/backend/vendor/laravel/framework/src/Illuminate/Database/Eloquent/Model.php(1240): Illuminate/Database/Eloquent/Model->performInsert(Object(Illuminate/Database/Eloquent/Builder))
#9 C:/Users/Arn/Downloads/love-alarm/love-alarm/backend/vendor/laravel/framework/src/Illuminate/Database/Eloquent/Relations/HasOneOrMany.php(391): Illuminate/Database/Eloquent/Model->save()
#10 C:/Users/Arn/Downloads/love-alarm/love-alarm/backend/vendor/laravel/framework/src/Illuminate/Support/helpers.php(393): Illuminate/Database/Eloquent/Relations/HasOneOrMany->Illuminate/Database/Eloquent/Relations/{closure}(Object(Laravel/Sanctum/PersonalAccessToken))
#11 C:/Users/Arn/Downloads/love-alarm/love-alarm/backend/vendor/laravel/framework/src/Illuminate/Database/Eloquent/Relations/HasOneOrMany.php(388): tap(Object(Laravel/Sanctum/PersonalAccessToken), Object(Closure))
#12 C:/Users/Arn/Downloads/love-alarm/love-alarm/backend/vendor/laravel/sanctum/src/HasApiTokens.php(64): Illuminate/Database/Eloquent/Relations/HasOneOrMany->create(Array)
#13 C:/Users/Arn/Downloads/love-alarm/love-alarm/backend/app/Services/AuthService.php(72): App/Models/User->createToken('api', Array, Object(Illuminate/Support/Carbon))
#14 C:/Users/Arn/Downloads/love-alarm/love-alarm/backend/app/Http/Controllers/Api/V1/AuthController.php(39): App/Services/AuthService->login(Array, 'api')
#15 C:/Users/Arn/Downloads/love-alarm/love-alarm/backend/vendor/laravel/framework/src/Illuminate/Routing/ControllerDispatcher.php(46): App/Http/Controllers/Api/V1/AuthController->login(Object(App/Http/Requests/Api/V1/LoginRequest))
#16 C:/Users/Arn/Downloads/love-alarm/love-alarm/backend/vendor/laravel/framework/src/Illuminate/Routing/Route.php(265): Illuminate/Routing/ControllerDispatcher->dispatch(Object(Illuminate/Routing/Route), Object(App/Http/Controllers/Api/V1/AuthController), 'login')
#17 C:/Users/Arn/Downloads/love-alarm/love-alarm/backend/vendor/laravel/framework/src/Illuminate/Routing/Route.php(211): Illuminate/Routing/Route->runController()
#18 C:/Users/Arn/Downloads/love-alarm/love-alarm/backend/vendor/laravel/framework/src/Illuminate/Routing/Router.php(822): Illuminate/Routing/Route->run()
#19 C:/Users/Arn/Downloads/love-alarm/love-alarm/backend/vendor/laravel/framework/src/Illuminate/Pipeline/Pipeline.php(180): Illuminate/Routing/Router->Illuminate/Routing/{closure}(Object(Illuminate/Http/Request))
#20 C:/Users/Arn/Downloads/love-alarm/love-alarm/backend/vendor/laravel/framework/src/Illuminate/Routing/Middleware/SubstituteBindings.php(50): Illuminate/Pipeline/Pipeline->Illuminate/Pipeline/{closure}(Object(Illuminate/Http/Request))
#21 C:/Users/Arn/Downloads/love-alarm/love-alarm/backend/vendor/laravel/framework/src/Illuminate/Pipeline/Pipeline.php(219): Illuminate/Routing/Middleware/SubstituteBindings->handle(Object(Illuminate/Http/Request), Object(Closure))
#22 C:/Users/Arn/Downloads/love-alarm/love-alarm/backend/vendor/laravel/sanctum/src/Http/Middleware/EnsureFrontendRequestsAreStateful.php(26): Illuminate/Pipeline/Pipeline->Illuminate/Pipeline/{closure}(Object(Illuminate/Http/Request))
#23 C:/Users/Arn/Downloads/love-alarm/love-alarm/backend/vendor/laravel/framework/src/Illuminate/Pipeline/Pipeline.php(180): Laravel/Sanctum/Http/Middleware/EnsureFrontendRequestsAreStateful->Laravel/Sanctum/Http/Middleware/{closure}(Object(Illuminate/Http/Request))
#24 C:/Users/Arn/Downloads/love-alarm/love-alarm/backend/vendor/laravel/framework/src/Illuminate/Pipeline/Pipeline.php(137): Illuminate/Pipeline/Pipeline->Illuminate/Pipeline/{closure}(Object(Illuminate/Http/Request))
#25 C:/Users/Arn/Downloads/love-alarm/love-alarm/backend/vendor/laravel/sanctum/src/Http/Middleware/EnsureFrontendRequestsAreStateful.php(25): Illuminate/Pipeline/Pipeline->then(Object(Closure))
#26 C:/Users/Arn/Downloads/love-alarm/love-alarm/backend/vendor/laravel/framework/src/Illuminate/Pipeline/Pipeline.php(219): Laravel/Sanctum/Http/Middleware/EnsureFrontendRequestsAreStateful->handle(Object(Illuminate/Http/Request), Object(Closure))
#27 C:/Users/Arn/Downloads/love-alarm/love-alarm/backend/vendor/laravel/framework/src/Illuminate/Pipeline/Pipeline.php(137): Illuminate/Pipeline/Pipeline->Illuminate/Pipeline/{closure}(Object(Illuminate/Http/Request))
#28 C:/Users/Arn/Downloads/love-alarm/love-alarm/backend/vendor/laravel/framework/src/Illuminate/Routing/Router.php(821): Illuminate/Pipeline/Pipeline->then(Object(Closure))
#29 C:/Users/Arn/Downloads/love-alarm/love-alarm/backend/vendor/laravel/framework/src/Illuminate/Routing/Router.php(800): Illuminate/Routing/Router->runRouteWithinStack(Object(Illuminate/Routing/Route), Object(Illuminate/Http/Request))
#30 C:/Users/Arn/Downloads/love-alarm/love-alarm/backend/vendor/laravel/framework/src/Illuminate/Routing/Router.php(764): Illuminate/Routing/Router->runRoute(Object(Illuminate/Http/Request), Object(Illuminate/Routing/Route))
#31 C:/Users/Arn/Downloads/love-alarm/love-alarm/backend/vendor/laravel/framework/src/Illuminate/Routing/Router.php(753): Illuminate/Routing/Router->dispatchToRoute(Object(Illuminate/Http/Request))
#32 C:/Users/Arn/Downloads/love-alarm/love-alarm/backend/vendor/laravel/framework/src/Illuminate/Foundation/Http/Kernel.php(200): Illuminate/Routing/Router->dispatch(Object(Illuminate/Http/Request))
#33 C:/Users/Arn/Downloads/love-alarm/love-alarm/backend/vendor/laravel/framework/src/Illuminate/Pipeline/Pipeline.php(180): Illuminate/Foundation/Http/Kernel->Illuminate/Foundation/Http/{closure}(Object(Illuminate/Http/Request))
#34 C:/Users/Arn/Downloads/love-alarm/love-alarm/backend/vendor/laravel/framework/src/Illuminate/Foundation/Http/Middleware/TransformsRequest.php(21): Illuminate/Pipeline/Pipeline->Illuminate/Pipeline/{closure}(Object(Illuminate/Http/Request))
#35 C:/Users/Arn/Downloads/love-alarm/love-alarm/backend/vendor/laravel/framework/src/Illuminate/Foundation/Http/Middleware/ConvertEmptyStringsToNull.php(31): Illuminate/Foundation/Http/Middleware/TransformsRequest->handle(Object(Illuminate/Http/Request), Object(Closure))
#36 C:/Users/Arn/Downloads/love-alarm/love-alarm/backend/vendor/laravel/framework/src/Illuminate/Pipeline/Pipeline.php(219): Illuminate/Foundation/Http/Middleware/ConvertEmptyStringsToNull->handle(Object(Illuminate/Http/Request), Object(Closure))
#37 C:/Users/Arn/Downloads/love-alarm/love-alarm/backend/vendor/laravel/framework/src/Illuminate/Foundation/Http/Middleware/TransformsRequest.php(21): Illuminate/Pipeline/Pipeline->Illuminate/Pipeline/{closure}(Object(Illuminate/Http/Request))
#38 C:/Users/Arn/Downloads/love-alarm/love-alarm/backend/vendor/laravel/framework/src/Illuminate/Foundation/Http/Middleware/TrimStrings.php(51): Illuminate/Foundation/Http/Middleware/TransformsRequest->handle(Object(Illuminate/Http/Request), Object(Closure))
#39 C:/Users/Arn/Downloads/love-alarm/love-alarm/backend/vendor/laravel/framework/src/Illuminate/Pipeline/Pipeline.php(219): Illuminate/Foundation/Http/Middleware/TrimStrings->handle(Object(Illuminate/Http/Request), Object(Closure))
#40 C:/Users/Arn/Downloads/love-alarm/love-alarm/backend/vendor/laravel/framework/src/Illuminate/Http/Middleware/ValidatePostSize.php(27): Illuminate/Pipeline/Pipeline->Illuminate/Pipeline/{closure}(Object(Illuminate/Http/Request))
#41 C:/Users/Arn/Downloads/love-alarm/love-alarm/backend/vendor/laravel/framework/src/Illuminate/Pipeline/Pipeline.php(219): Illuminate/Http/Middleware/ValidatePostSize->handle(Object(Illuminate/Http/Request), Object(Closure))
#42 C:/Users/Arn/Downloads/love-alarm/love-alarm/backend/vendor/laravel/framework/src/Illuminate/Foundation/Http/Middleware/PreventRequestsDuringMaintenance.php(109): Illuminate/Pipeline/Pipeline->Illuminate/Pipeline/{closure}(Object(Illuminate/Http/Request))
#43 C:/Users/Arn/Downloads/love-alarm/love-alarm/backend/vendor/laravel/framework/src/Illuminate/Pipeline/Pipeline.php(219): Illuminate/Foundation/Http/Middleware/PreventRequestsDuringMaintenance->handle(Object(Illuminate/Http/Request), Object(Closure))
#44 C:/Users/Arn/Downloads/love-alarm/love-alarm/backend/vendor/laravel/framework/src/Illuminate/Http/Middleware/HandleCors.php(74): Illuminate/Pipeline/Pipeline->Illuminate/Pipeline/{closure}(Object(Illuminate/Http/Request))
#45 C:/Users/Arn/Downloads/love-alarm/love-alarm/backend/vendor/laravel/framework/src/Illuminate/Pipeline/Pipeline.php(219): Illuminate/Http/Middleware/HandleCors->handle(Object(Illuminate/Http/Request), Object(Closure))
#46 C:/Users/Arn/Downloads/love-alarm/love-alarm/backend/vendor/laravel/framework/src/Illuminate/Http/Middleware/TrustProxies.php(58): Illuminate/Pipeline/Pipeline->Illuminate/Pipeline/{closure}(Object(Illuminate/Http/Request))
#47 C:/Users/Arn/Downloads/love-alarm/love-alarm/backend/vendor/laravel/framework/src/Illuminate/Pipeline/Pipeline.php(219): Illuminate/Http/Middleware/TrustProxies->handle(Object(Illuminate/Http/Request), Object(Closure))
#48 C:/Users/Arn/Downloads/love-alarm/love-alarm/backend/vendor/laravel/framework/src/Illuminate/Foundation/Http/Middleware/InvokeDeferredCallbacks.php(22): Illuminate/Pipeline/Pipeline->Illuminate/Pipeline/{closure}(Object(Illuminate/Http/Request))
#49 C:/Users/Arn/Downloads/love-alarm/love-alarm/backend/vendor/laravel/framework/src/Illuminate/Pipeline/Pipeline.php(219): Illuminate/Foundation/Http/Middleware/InvokeDeferredCallbacks->handle(Object(Illuminate/Http/Request), Object(Closure))
#50 C:/Users/Arn/Downloads/love-alarm/love-alarm/backend/vendor/laravel/framework/src/Illuminate/Http/Middleware/ValidatePathEncoding.php(26): Illuminate/Pipeline/Pipeline->Illuminate/Pipeline/{closure}(Object(Illuminate/Http/Request))
#51 C:/Users/Arn/Downloads/love-alarm/love-alarm/backend/vendor/laravel/framework/src/Illuminate/Pipeline/Pipeline.php(219): Illuminate/Http/Middleware/ValidatePathEncoding->handle(Object(Illuminate/Http/Request), Object(Closure))
#52 C:/Users/Arn/Downloads/love-alarm/love-alarm/backend/vendor/laravel/framework/src/Illuminate/Pipeline/Pipeline.php(137): Illuminate/Pipeline/Pipeline->Illuminate/Pipeline/{closure}(Object(Illuminate/Http/Request))
#53 C:/Users/Arn/Downloads/love-alarm/love-alarm/backend/vendor/laravel/framework/src/Illuminate/Foundation/Http/Kernel.php(175): Illuminate/Pipeline/Pipeline->then(Object(Closure))
#54 C:/Users/Arn/Downloads/love-alarm/love-alarm/backend/vendor/laravel/framework/src/Illuminate/Foundation/Http/Kernel.php(144): Illuminate/Foundation/Http/Kernel->sendRequestThroughRouter(Object(Illuminate/Http/Request))
#55 C:/Users/Arn/Downloads/love-alarm/love-alarm/backend/vendor/laravel/framework/src/Illuminate/Foundation/Application.php(1220): Illuminate/Foundation/Http/Kernel->handle(Object(Illuminate/Http/Request))
#56 C:/Users/Arn/Downloads/love-alarm/love-alarm/backend/public/index.php(20): Illuminate/Foundation/Application->handleRequest(Object(Illuminate/Http/Request))
#57 {main}

[previous exception] [object] (PDOException(code: 22P02): SQLSTATE[22P02]: Invalid text representation: 7 ERROR:  invalid input syntax for type bigint: \"ccbc7d39-f4de-4005-92b9-5264859b181e\"
CONTEXT:  unnamed portal parameter $5 = '...' at C:/Users/Arn/Downloads/love-alarm/love-alarm/backend/vendor/laravel/framework/src/Illuminate/Database/Connection.php:425)
[stacktrace]
#0 C:/Users/Arn/Downloads/love-alarm/love-alarm/backend/vendor/laravel/framework/src/Illuminate/Database/Connection.php(425): PDOStatement->execute()
#1 C:/Users/Arn/Downloads/love-alarm/love-alarm/backend/vendor/laravel/framework/src/Illuminate/Database/Connection.php(827): Illuminate/Database/Connection->Illuminate/Database/{closure}('insert into \"pe...', Array)
#2 C:/Users/Arn/Downloads/love-alarm/love-alarm/backend/vendor/laravel/framework/src/Illuminate/Database/Connection.php(794): Illuminate/Database/Connection->runQueryCallback('insert into \"pe...', Array, Object(Closure))
#3 C:/Users/Arn/Downloads/love-alarm/love-alarm/backend/vendor/laravel/framework/src/Illuminate/Database/Connection.php(411): Illuminate/Database/Connection->run('insert into \"pe...', Array, Object(Closure))
#4 C:/Users/Arn/Downloads/love-alarm/love-alarm/backend/vendor/laravel/framework/src/Illuminate/Database/Connection.php(398): Illuminate/Database/Connection->select('insert into \"pe...', Array, false)
#5 C:/Users/Arn/Downloads/love-alarm/love-alarm/backend/vendor/laravel/framework/src/Illuminate/Database/Query/Processors/PostgresProcessor.php(24): Illuminate/Database/Connection->selectFromWriteConnection('insert into \"pe...', Array)
#6 C:/Users/Arn/Downloads/love-alarm/love-alarm/backend/vendor/laravel/framework/src/Illuminate/Database/Query/Builder.php(4170): Illuminate/Database/Query/Processors/PostgresProcessor->processInsertGetId(Object(Illuminate/Database/Query/Builder), 'insert into \"pe...', Array, 'id')
#7 C:/Users/Arn/Downloads/love-alarm/love-alarm/backend/vendor/laravel/framework/src/Illuminate/Database/Eloquent/Builder.php(2237): Illuminate/Database/Query/Builder->insertGetId(Array, 'id')
#8 C:/Users/Arn/Downloads/love-alarm/love-alarm/backend/vendor/laravel/framework/src/Illuminate/Database/Eloquent/Model.php(1436): Illuminate/Database/Eloquent/Builder->__call('insertGetId', Array)
#9 C:/Users/Arn/Downloads/love-alarm/love-alarm/backend/vendor/laravel/framework/src/Illuminate/Database/Eloquent/Model.php(1401): Illuminate/Database/Eloquent/Model->insertAndSetId(Object(Illuminate/Database/Eloquent/Builder), Array)
#10 C:/Users/Arn/Downloads/love-alarm/love-alarm/backend/vendor/laravel/framework/src/Illuminate/Database/Eloquent/Model.php(1240): Illuminate/Database/Eloquent/Model->performInsert(Object(Illuminate/Database/Eloquent/Builder))
#11 C:/Users/Arn/Downloads/love-alarm/love-alarm/backend/vendor/laravel/framework/src/Illuminate/Database/Eloquent/Relations/HasOneOrMany.php(391): Illuminate/Database/Eloquent/Model->save()
#12 C:/Users/Arn/Downloads/love-alarm/love-alarm/backend/vendor/laravel/framework/src/Illuminate/Support/helpers.php(393): Illuminate/Database/Eloquent/Relations/HasOneOrMany->Illuminate/Database/Eloquent/Relations/{closure}(Object(Laravel/Sanctum/PersonalAccessToken))
#13 C:/Users/Arn/Downloads/love-alarm/love-alarm/backend/vendor/laravel/framework/src/Illuminate/Database/Eloquent/Relations/HasOneOrMany.php(388): tap(Object(Laravel/Sanctum/PersonalAccessToken), Object(Closure))
#14 C:/Users/Arn/Downloads/love-alarm/love-alarm/backend/vendor/laravel/sanctum/src/HasApiTokens.php(64): Illuminate/Database/Eloquent/Relations/HasOneOrMany->create(Array)
#15 C:/Users/Arn/Downloads/love-alarm/love-alarm/backend/app/Services/AuthService.php(72): App/Models/User->createToken('api', Array, Object(Illuminate/Support/Carbon))
#16 C:/Users/Arn/Downloads/love-alarm/love-alarm/backend/app/Http/Controllers/Api/V1/AuthController.php(39): App/Services/AuthService->login(Array, 'api')
#17 C:/Users/Arn/Downloads/love-alarm/love-alarm/backend/vendor/laravel/framework/src/Illuminate/Routing/ControllerDispatcher.php(46): App/Http/Controllers/Api/V1/AuthController->login(Object(App/Http/Requests/Api/V1/LoginRequest))
#18 C:/Users/Arn/Downloads/love-alarm/love-alarm/backend/vendor/laravel/framework/src/Illuminate/Routing/Route.php(265): Illuminate/Routing/ControllerDispatcher->dispatch(Object(Illuminate/Routing/Route), Object(App/Http/Controllers/Api/V1/AuthController), 'login')
#19 C:/Users/Arn/Downloads/love-alarm/love-alarm/backend/vendor/laravel/framework/src/Illuminate/Routing/Route.php(211): Illuminate/Routing/Route->runController()
#20 C:/Users/Arn/Downloads/love-alarm/love-alarm/backend/vendor/laravel/framework/src/Illuminate/Routing/Router.php(822): Illuminate/Routing/Route->run()
#21 C:/Users/Arn/Downloads/love-alarm/love-alarm/backend/vendor/laravel/framework/src/Illuminate/Pipeline/Pipeline.php(180): Illuminate/Routing/Router->Illuminate/Routing/{closure}(Object(Illuminate/Http/Request))
#22 C:/Users/Arn/Downloads/love-alarm/love-alarm/backend/vendor/laravel/framework/src/Illuminate/Routing/Middleware/SubstituteBindings.php(50): Illuminate/Pipeline/Pipeline->Illuminate/Pipeline/{closure}(Object(Illuminate/Http/Request))
#23 C:/Users/Arn/Downloads/love-alarm/love-alarm/backend/vendor/laravel/framework/src/Illuminate/Pipeline/Pipeline.php(219): Illuminate/Routing/Middleware/SubstituteBindings->handle(Object(Illuminate/Http/Request), Object(Closure))
#24 C:/Users/Arn/Downloads/love-alarm/love-alarm/backend/vendor/laravel/sanctum/src/Http/Middleware/EnsureFrontendRequestsAreStateful.php(26): Illuminate/Pipeline/Pipeline->Illuminate/Pipeline/{closure}(Object(Illuminate/Http/Request))
#25 C:/Users/Arn/Downloads/love-alarm/love-alarm/backend/vendor/laravel/framework/src/Illuminate/Pipeline/Pipeline.php(180): Laravel/Sanctum/Http/Middleware/EnsureFrontendRequestsAreStateful->Laravel/Sanctum/Http/Middleware/{closure}(Object(Illuminate/Http/Request))
#26 C:/Users/Arn/Downloads/love-alarm/love-alarm/backend/vendor/laravel/framework/src/Illuminate/Pipeline/Pipeline.php(137): Illuminate/Pipeline/Pipeline->Illuminate/Pipeline/{closure}(Object(Illuminate/Http/Request))
#27 C:/Users/Arn/Downloads/love-alarm/love-alarm/backend/vendor/laravel/sanctum/src/Http/Middleware/EnsureFrontendRequestsAreStateful.php(25): Illuminate/Pipeline/Pipeline->then(Object(Closure))
#28 C:/Users/Arn/Downloads/love-alarm/love-alarm/backend/vendor/laravel/framework/src/Illuminate/Pipeline/Pipeline.php(219): Laravel/Sanctum/Http/Middleware/EnsureFrontendRequestsAreStateful->handle(Object(Illuminate/Http/Request), Object(Closure))
#29 C:/Users/Arn/Downloads/love-alarm/love-alarm/backend/vendor/laravel/framework/src/Illuminate/Pipeline/Pipeline.php(137): Illuminate/Pipeline/Pipeline->Illuminate/Pipeline/{closure}(Object(Illuminate/Http/Request))
#30 C:/Users/Arn/Downloads/love-alarm/love-alarm/backend/vendor/laravel/framework/src/Illuminate/Routing/Router.php(821): Illuminate/Pipeline/Pipeline->then(Object(Closure))
#31 C:/Users/Arn/Downloads/love-alarm/love-alarm/backend/vendor/laravel/framework/src/Illuminate/Routing/Router.php(800): Illuminate/Routing/Router->runRouteWithinStack(Object(Illuminate/Routing/Route), Object(Illuminate/Http/Request))
#32 C:/Users/Arn/Downloads/love-alarm/love-alarm/backend/vendor/laravel/framework/src/Illuminate/Routing/Router.php(764): Illuminate/Routing/Router->runRoute(Object(Illuminate/Http/Request), Object(Illuminate/Routing/Route))
#33 C:/Users/Arn/Downloads/love-alarm/love-alarm/backend/vendor/laravel/framework/src/Illuminate/Routing/Router.php(753): Illuminate/Routing/Router->dispatchToRoute(Object(Illuminate/Http/Request))
#34 C:/Users/Arn/Downloads/love-alarm/love-alarm/backend/vendor/laravel/framework/src/Illuminate/Foundation/Http/Kernel.php(200): Illuminate/Routing/Router->dispatch(Object(Illuminate/Http/Request))
#35 C:/Users/Arn/Downloads/love-alarm/love-alarm/backend/vendor/laravel/framework/src/Illuminate/Pipeline/Pipeline.php(180): Illuminate/Foundation/Http/Kernel->Illuminate/Foundation/Http/{closure}(Object(Illuminate/Http/Request))
#36 C:/Users/Arn/Downloads/love-alarm/love-alarm/backend/vendor/laravel/framework/src/Illuminate/Foundation/Http/Middleware/TransformsRequest.php(21): Illuminate/Pipeline/Pipeline->Illuminate/Pipeline/{closure}(Object(Illuminate/Http/Request))
#37 C:/Users/Arn/Downloads/love-alarm/love-alarm/backend/vendor/laravel/framework/src/Illuminate/Foundation/Http/Middleware/ConvertEmptyStringsToNull.php(31): Illuminate/Foundation/Http/Middleware/TransformsRequest->handle(Object(Illuminate/Http/Request), Object(Closure))
#38 C:/Users/Arn/Downloads/love-alarm/love-alarm/backend/vendor/laravel/framework/src/Illuminate/Pipeline/Pipeline.php(219): Illuminate/Foundation/Http/Middleware/ConvertEmptyStringsToNull->handle(Object(Illuminate/Http/Request), Object(Closure))
#39 C:/Users/Arn/Downloads/love-alarm/love-alarm/backend/vendor/laravel/framework/src/Illuminate/Foundation/Http/Middleware/TransformsRequest.php(21): Illuminate/Pipeline/Pipeline->Illuminate/Pipeline/{closure}(Object(Illuminate/Http/Request))
#40 C:/Users/Arn/Downloads/love-alarm/love-alarm/backend/vendor/laravel/framework/src/Illuminate/Foundation/Http/Middleware/TrimStrings.php(51): Illuminate/Foundation/Http/Middleware/TransformsRequest->handle(Object(Illuminate/Http/Request), Object(Closure))
#41 C:/Users/Arn/Downloads/love-alarm/love-alarm/backend/vendor/laravel/framework/src/Illuminate/Pipeline/Pipeline.php(219): Illuminate/Foundation/Http/Middleware/TrimStrings->handle(Object(Illuminate/Http/Request), Object(Closure))
#42 C:/Users/Arn/Downloads/love-alarm/love-alarm/backend/vendor/laravel/framework/src/Illuminate/Http/Middleware/ValidatePostSize.php(27): Illuminate/Pipeline/Pipeline->Illuminate/Pipeline/{closure}(Object(Illuminate/Http/Request))
#43 C:/Users/Arn/Downloads/love-alarm/love-alarm/backend/vendor/laravel/framework/src/Illuminate/Pipeline/Pipeline.php(219): Illuminate/Http/Middleware/ValidatePostSize->handle(Object(Illuminate/Http/Request), Object(Closure))
#44 C:/Users/Arn/Downloads/love-alarm/love-alarm/backend/vendor/laravel/framework/src/Illuminate/Foundation/Http/Middleware/PreventRequestsDuringMaintenance.php(109): Illuminate/Pipeline/Pipeline->Illuminate/Pipeline/{closure}(Object(Illuminate/Http/Request))
#45 C:/Users/Arn/Downloads/love-alarm/love-alarm/backend/vendor/laravel/framework/src/Illuminate/Pipeline/Pipeline.php(219): Illuminate/Foundation/Http/Middleware/PreventRequestsDuringMaintenance->handle(Object(Illuminate/Http/Request), Object(Closure))
#46 C:/Users/Arn/Downloads/love-alarm/love-alarm/backend/vendor/laravel/framework/src/Illuminate/Http/Middleware/HandleCors.php(74): Illuminate/Pipeline/Pipeline->Illuminate/Pipeline/{closure}(Object(Illuminate/Http/Request))
#47 C:/Users/Arn/Downloads/love-alarm/love-alarm/backend/vendor/laravel/framework/src/Illuminate/Pipeline/Pipeline.php(219): Illuminate/Http/Middleware/HandleCors->handle(Object(Illuminate/Http/Request), Object(Closure))
#48 C:/Users/Arn/Downloads/love-alarm/love-alarm/backend/vendor/laravel/framework/src/Illuminate/Http/Middleware/TrustProxies.php(58): Illuminate/Pipeline/Pipeline->Illuminate/Pipeline/{closure}(Object(Illuminate/Http/Request))
#49 C:/Users/Arn/Downloads/love-alarm/love-alarm/backend/vendor/laravel/framework/src/Illuminate/Pipeline/Pipeline.php(219): Illuminate/Http/Middleware/TrustProxies->handle(Object(Illuminate/Http/Request), Object(Closure))
#50 C:/Users/Arn/Downloads/love-alarm/love-alarm/backend/vendor/laravel/framework/src/Illuminate/Foundation/Http/Middleware/InvokeDeferredCallbacks.php(22): Illuminate/Pipeline/Pipeline->Illuminate/Pipeline/{closure}(Object(Illuminate/Http/Request))
#51 C:/Users/Arn/Downloads/love-alarm/love-alarm/backend/vendor/laravel/framework/src/Illuminate/Pipeline/Pipeline.php(219): Illuminate/Foundation/Http/Middleware/InvokeDeferredCallbacks->handle(Object(Illuminate/Http/Request), Object(Closure))
#52 C:/Users/Arn/Downloads/love-alarm/love-alarm/backend/vendor/laravel/framework/src/Illuminate/Http/Middleware/ValidatePathEncoding.php(26): Illuminate/Pipeline/Pipeline->Illuminate/Pipeline/{closure}(Object(Illuminate/Http/Request))
#53 C:/Users/Arn/Downloads/love-alarm/love-alarm/backend/vendor/laravel/framework/src/Illuminate/Pipeline/Pipeline.php(219): Illuminate/Http/Middleware/ValidatePathEncoding->handle(Object(Illuminate/Http/Request), Object(Closure))
#54 C:/Users/Arn/Downloads/love-alarm/love-alarm/backend/vendor/laravel/framework/src/Illuminate/Pipeline/Pipeline.php(137): Illuminate/Pipeline/Pipeline->Illuminate/Pipeline/{closure}(Object(Illuminate/Http/Request))
#55 C:/Users/Arn/Downloads/love-alarm/love-alarm/backend/vendor/laravel/framework/src/Illuminate/Foundation/Http/Kernel.php(175): Illuminate/Pipeline/Pipeline->then(Object(Closure))
#56 C:/Users/Arn/Downloads/love-alarm/love-alarm/backend/vendor/laravel/framework/src/Illuminate/Foundation/Http/Kernel.php(144): Illuminate/Foundation/Http/Kernel->sendRequestThroughRouter(Object(Illuminate/Http/Request))
#57 C:/Users/Arn/Downloads/love-alarm/love-alarm/backend/vendor/laravel/framework/src/Illuminate/Foundation/Application.php(1220): Illuminate/Foundation/Http/Kernel->handle(Object(Illuminate/Http/Request))
#58 C:/Users/Arn/Downloads/love-alarm/love-alarm/backend/public/index.php(20): Illuminate/Foundation/Application->handleRequest(Object(Illuminate/Http/Request))
#59 {main}
"} 
[2026-08-28 09:24:12] local.ERROR: php_network_getaddresses: getaddrinfo for redis failed: No such host is known. [tcp://redis:6379] {"exception":"[object] (Predis\\Connection\\ConnectionException(code: 0): php_network_getaddresses: getaddrinfo for redis failed: No such host is known. [tcp://redis:6379] at C:/Users/Arn/Downloads/love-alarm/love-alarm/backend/vendor/predis/predis/src/Connection/AbstractConnection.php:144)
[stacktrace]
#0 C:/Users/Arn/Downloads/love-alarm/love-alarm/backend/vendor/predis/predis/src/Connection/StreamConnection.php(129): Predis/Connection/AbstractConnection->onConnectionError('php_network_get...', 0)
#1 C:/Users/Arn/Downloads/love-alarm/love-alarm/backend/vendor/predis/predis/src/Connection/StreamConnection.php(174): Predis/Connection/StreamConnection->createStreamSocket(Object(Predis/Connection/Parameters), 'tcp://redis:637...', 4)
#2 C:/Users/Arn/Downloads/love-alarm/love-alarm/backend/vendor/predis/predis/src/Connection/StreamConnection.php(88): Predis/Connection/StreamConnection->tcpStreamInitializer(Object(Predis/Connection/Parameters))
#3 C:/Users/Arn/Downloads/love-alarm/love-alarm/backend/vendor/predis/predis/src/Connection/AbstractConnection.php(85): Predis/Connection/StreamConnection->createResource()
#4 C:/Users/Arn/Downloads/love-alarm/love-alarm/backend/vendor/predis/predis/src/Connection/StreamConnection.php(254): Predis/Connection/AbstractConnection->connect()
#5 C:/Users/Arn/Downloads/love-alarm/love-alarm/backend/vendor/predis/predis/src/Connection/AbstractConnection.php(169): Predis/Connection/StreamConnection->connect()
#6 C:/Users/Arn/Downloads/love-alarm/love-alarm/backend/vendor/predis/predis/src/Connection/StreamConnection.php(289): Predis/Connection/AbstractConnection->getResource()
#7 C:/Users/Arn/Downloads/love-alarm/love-alarm/backend/vendor/predis/predis/src/Connection/StreamConnection.php(396): Predis/Connection/StreamConnection->write('*2/r/n$3/r/nGET/r/n$7...')
#8 C:/Users/Arn/Downloads/love-alarm/love-alarm/backend/vendor/predis/predis/src/Connection/AbstractConnection.php(122): Predis/Connection/StreamConnection->writeRequest(Object(Predis/Command/Redis/GET))
#9 C:/Users/Arn/Downloads/love-alarm/love-alarm/backend/vendor/predis/predis/src/Client.php(381): Predis/Connection/AbstractConnection->executeCommand(Object(Predis/Command/Redis/GET))
#10 C:/Users/Arn/Downloads/love-alarm/love-alarm/backend/vendor/predis/predis/src/Client.php(335): Predis/Client->executeCommand(Object(Predis/Command/Redis/GET))
#11 C:/Users/Arn/Downloads/love-alarm/love-alarm/backend/vendor/laravel/framework/src/Illuminate/Redis/Connections/Connection.php(122): Predis/Client->__call('get', Array)
#12 C:/Users/Arn/Downloads/love-alarm/love-alarm/backend/vendor/laravel/framework/src/Illuminate/Redis/Connections/Connection.php(253): Illuminate/Redis/Connections/Connection->command('get', Array)
#13 C:/Users/Arn/Downloads/love-alarm/love-alarm/backend/vendor/laravel/framework/src/Illuminate/Cache/RedisStore.php(82): Illuminate/Redis/Connections/Connection->__call('get', Array)
#14 C:/Users/Arn/Downloads/love-alarm/love-alarm/backend/vendor/laravel/framework/src/Illuminate/Cache/Repository.php(125): Illuminate/Cache/RedisStore->get('EDFhZYqZke06ANe...')
#15 C:/Users/Arn/Downloads/love-alarm/love-alarm/backend/vendor/laravel/framework/src/Illuminate/Session/CacheBasedSessionHandler.php(63): Illuminate/Cache/Repository->get('EDFhZYqZke06ANe...', '')
#16 C:/Users/Arn/Downloads/love-alarm/love-alarm/backend/vendor/laravel/framework/src/Illuminate/Session/Store.php(128): Illuminate/Session/CacheBasedSessionHandler->read('EDFhZYqZke06ANe...')
#17 C:/Users/Arn/Downloads/love-alarm/love-alarm/backend/vendor/laravel/framework/src/Illuminate/Session/Store.php(116): Illuminate/Session/Store->readFromHandler()
#18 C:/Users/Arn/Downloads/love-alarm/love-alarm/backend/vendor/laravel/framework/src/Illuminate/Session/Store.php(100): Illuminate/Session/Store->loadSession()
#19 C:/Users/Arn/Downloads/love-alarm/love-alarm/backend/vendor/laravel/framework/src/Illuminate/Session/Middleware/StartSession.php(146): Illuminate/Session/Store->start()
#20 C:/Users/Arn/Downloads/love-alarm/love-alarm/backend/vendor/laravel/framework/src/Illuminate/Support/helpers.php(393): Illuminate/Session/Middleware/StartSession->Illuminate/Session/Middleware/{closure}(Object(Illuminate/Session/Store))
#21 C:/Users/Arn/Downloads/love-alarm/love-alarm/backend/vendor/laravel/framework/src/Illuminate/Session/Middleware/StartSession.php(143): tap(Object(Illuminate/Session/Store), Object(Closure))
#22 C:/Users/Arn/Downloads/love-alarm/love-alarm/backend/vendor/laravel/framework/src/Illuminate/Session/Middleware/StartSession.php(115): Illuminate/Session/Middleware/StartSession->startSession(Object(Illuminate/Http/Request), Object(Illuminate/Session/Store))
#23 C:/Users/Arn/Downloads/love-alarm/love-alarm/backend/vendor/laravel/framework/src/Illuminate/Session/Middleware/StartSession.php(63): Illuminate/Session/Middleware/StartSession->handleStatefulRequest(Object(Illuminate/Http/Request), Object(Illuminate/Session/Store), Object(Closure))
#24 C:/Users/Arn/Downloads/love-alarm/love-alarm/backend/vendor/laravel/framework/src/Illuminate/Pipeline/Pipeline.php(219): Illuminate/Session/Middleware/StartSession->handle(Object(Illuminate/Http/Request), Object(Closure))
#25 C:/Users/Arn/Downloads/love-alarm/love-alarm/backend/vendor/laravel/framework/src/Illuminate/Cookie/Middleware/AddQueuedCookiesToResponse.php(36): Illuminate/Pipeline/Pipeline->Illuminate/Pipeline/{closure}(Object(Illuminate/Http/Request))
#26 C:/Users/Arn/Downloads/love-alarm/love-alarm/backend/vendor/laravel/framework/src/Illuminate/Pipeline/Pipeline.php(219): Illuminate/Cookie/Middleware/AddQueuedCookiesToResponse->handle(Object(Illuminate/Http/Request), Object(Closure))
#27 C:/Users/Arn/Downloads/love-alarm/love-alarm/backend/vendor/laravel/framework/src/Illuminate/Cookie/Middleware/EncryptCookies.php(74): Illuminate/Pipeline/Pipeline->Illuminate/Pipeline/{closure}(Object(Illuminate/Http/Request))
#28 C:/Users/Arn/Downloads/love-alarm/love-alarm/backend/vendor/laravel/framework/src/Illuminate/Pipeline/Pipeline.php(219): Illuminate/Cookie/Middleware/EncryptCookies->handle(Object(Illuminate/Http/Request), Object(Closure))
#29 C:/Users/Arn/Downloads/love-alarm/love-alarm/backend/vendor/laravel/framework/src/Illuminate/Pipeline/Pipeline.php(137): Illuminate/Pipeline/Pipeline->Illuminate/Pipeline/{closure}(Object(Illuminate/Http/Request))
#30 C:/Users/Arn/Downloads/love-alarm/love-alarm/backend/vendor/laravel/framework/src/Illuminate/Routing/Router.php(821): Illuminate/Pipeline/Pipeline->then(Object(Closure))
#31 C:/Users/Arn/Downloads/love-alarm/love-alarm/backend/vendor/laravel/framework/src/Illuminate/Routing/Router.php(800): Illuminate/Routing/Router->runRouteWithinStack(Object(Illuminate/Routing/Route), Object(Illuminate/Http/Request))
#32 C:/Users/Arn/Downloads/love-alarm/love-alarm/backend/vendor/laravel/framework/src/Illuminate/Routing/Router.php(764): Illuminate/Routing/Router->runRoute(Object(Illuminate/Http/Request), Object(Illuminate/Routing/Route))
#33 C:/Users/Arn/Downloads/love-alarm/love-alarm/backend/vendor/laravel/framework/src/Illuminate/Routing/Router.php(753): Illuminate/Routing/Router->dispatchToRoute(Object(Illuminate/Http/Request))
#34 C:/Users/Arn/Downloads/love-alarm/love-alarm/backend/vendor/laravel/framework/src/Illuminate/Foundation/Http/Kernel.php(200): Illuminate/Routing/Router->dispatch(Object(Illuminate/Http/Request))
#35 C:/Users/Arn/Downloads/love-alarm/love-alarm/backend/vendor/laravel/framework/src/Illuminate/Pipeline/Pipeline.php(180): Illuminate/Foundation/Http/Kernel->Illuminate/Foundation/Http/{closure}(Object(Illuminate/Http/Request))
#36 C:/Users/Arn/Downloads/love-alarm/love-alarm/backend/vendor/laravel/framework/src/Illuminate/Foundation/Http/Middleware/TransformsRequest.php(21): Illuminate/Pipeline/Pipeline->Illuminate/Pipeline/{closure}(Object(Illuminate/Http/Request))
#37 C:/Users/Arn/Downloads/love-alarm/love-alarm/backend/vendor/laravel/framework/src/Illuminate/Foundation/Http/Middleware/ConvertEmptyStringsToNull.php(31): Illuminate/Foundation/Http/Middleware/TransformsRequest->handle(Object(Illuminate/Http/Request), Object(Closure))
#38 C:/Users/Arn/Downloads/love-alarm/love-alarm/backend/vendor/laravel/framework/src/Illuminate/Pipeline/Pipeline.php(219): Illuminate/Foundation/Http/Middleware/ConvertEmptyStringsToNull->handle(Object(Illuminate/Http/Request), Object(Closure))
#39 C:/Users/Arn/Downloads/love-alarm/love-alarm/backend/vendor/laravel/framework/src/Illuminate/Foundation/Http/Middleware/TransformsRequest.php(21): Illuminate/Pipeline/Pipeline->Illuminate/Pipeline/{closure}(Object(Illuminate/Http/Request))
#40 C:/Users/Arn/Downloads/love-alarm/love-alarm/backend/vendor/laravel/framework/src/Illuminate/Foundation/Http/Middleware/TrimStrings.php(51): Illuminate/Foundation/Http/Middleware/TransformsRequest->handle(Object(Illuminate/Http/Request), Object(Closure))
#41 C:/Users/Arn/Downloads/love-alarm/love-alarm/backend/vendor/laravel/framework/src/Illuminate/Pipeline/Pipeline.php(219): Illuminate/Foundation/Http/Middleware/TrimStrings->handle(Object(Illuminate/Http/Request), Object(Closure))
#42 C:/Users/Arn/Downloads/love-alarm/love-alarm/backend/vendor/laravel/framework/src/Illuminate/Http/Middleware/ValidatePostSize.php(27): Illuminate/Pipeline/Pipeline->Illuminate/Pipeline/{closure}(Object(Illuminate/Http/Request))
#43 C:/Users/Arn/Downloads/love-alarm/love-alarm/backend/vendor/laravel/framework/src/Illuminate/Pipeline/Pipeline.php(219): Illuminate/Http/Middleware/ValidatePostSize->handle(Object(Illuminate/Http/Request), Object(Closure))
#44 C:/Users/Arn/Downloads/love-alarm/love-alarm/backend/vendor/laravel/framework/src/Illuminate/Foundation/Http/Middleware/PreventRequestsDuringMaintenance.php(109): Illuminate/Pipeline/Pipeline->Illuminate/Pipeline/{closure}(Object(Illuminate/Http/Request))
#45 C:/Users/Arn/Downloads/love-alarm/love-alarm/backend/vendor/laravel/framework/src/Illuminate/Pipeline/Pipeline.php(219): Illuminate/Foundation/Http/Middleware/PreventRequestsDuringMaintenance->handle(Object(Illuminate/Http/Request), Object(Closure))
#46 C:/Users/Arn/Downloads/love-alarm/love-alarm/backend/vendor/laravel/framework/src/Illuminate/Http/Middleware/HandleCors.php(61): Illuminate/Pipeline/Pipeline->Illuminate/Pipeline/{closure}(Object(Illuminate/Http/Request))
#47 C:/Users/Arn/Downloads/love-alarm/love-alarm/backend/vendor/laravel/framework/src/Illuminate/Pipeline/Pipeline.php(219): Illuminate/Http/Middleware/HandleCors->handle(Object(Illuminate/Http/Request), Object(Closure))
#48 C:/Users/Arn/Downloads/love-alarm/love-alarm/backend/vendor/laravel/framework/src/Illuminate/Http/Middleware/TrustProxies.php(58): Illuminate/Pipeline/Pipeline->Illuminate/Pipeline/{closure}(Object(Illuminate/Http/Request))
#49 C:/Users/Arn/Downloads/love-alarm/love-alarm/backend/vendor/laravel/framework/src/Illuminate/Pipeline/Pipeline.php(219): Illuminate/Http/Middleware/TrustProxies->handle(Object(Illuminate/Http/Request), Object(Closure))
#50 C:/Users/Arn/Downloads/love-alarm/love-alarm/backend/vendor/laravel/framework/src/Illuminate/Foundation/Http/Middleware/InvokeDeferredCallbacks.php(22): Illuminate/Pipeline/Pipeline->Illuminate/Pipeline/{closure}(Object(Illuminate/Http/Request))
#51 C:/Users/Arn/Downloads/love-alarm/love-alarm/backend/vendor/laravel/framework/src/Illuminate/Pipeline/Pipeline.php(219): Illuminate/Foundation/Http/Middleware/InvokeDeferredCallbacks->handle(Object(Illuminate/Http/Request), Object(Closure))
#52 C:/Users/Arn/Downloads/love-alarm/love-alarm/backend/vendor/laravel/framework/src/Illuminate/Http/Middleware/ValidatePathEncoding.php(26): Illuminate/Pipeline/Pipeline->Illuminate/Pipeline/{closure}(Object(Illuminate/Http/Request))
#53 C:/Users/Arn/Downloads/love-alarm/love-alarm/backend/vendor/laravel/framework/src/Illuminate/Pipeline/Pipeline.php(219): Illuminate/Http/Middleware/ValidatePathEncoding->handle(Object(Illuminate/Http/Request), Object(Closure))
#54 C:/Users/Arn/Downloads/love-alarm/love-alarm/backend/vendor/laravel/framework/src/Illuminate/Pipeline/Pipeline.php(137): Illuminate/Pipeline/Pipeline->Illuminate/Pipeline/{closure}(Object(Illuminate/Http/Request))
#55 C:/Users/Arn/Downloads/love-alarm/love-alarm/backend/vendor/laravel/framework/src/Illuminate/Foundation/Http/Kernel.php(175): Illuminate/Pipeline/Pipeline->then(Object(Closure))
#56 C:/Users/Arn/Downloads/love-alarm/love-alarm/backend/vendor/laravel/framework/src/Illuminate/Foundation/Http/Kernel.php(144): Illuminate/Foundation/Http/Kernel->sendRequestThroughRouter(Object(Illuminate/Http/Request))
#57 C:/Users/Arn/Downloads/love-alarm/love-alarm/backend/vendor/laravel/framework/src/Illuminate/Foundation/Application.php(1220): Illuminate/Foundation/Http/Kernel->handle(Object(Illuminate/Http/Request))
#58 C:/Users/Arn/Downloads/love-alarm/love-alarm/backend/public/index.php(20): Illuminate/Foundation/Application->handleRequest(Object(Illuminate/Http/Request))
#59 {main}
"} 
